id,url,title,created_utc,upvotes
1stzilk,https://www.reddit.com/r/ProgressionFantasy/comments/1stzilk/the_human_beast/,The Human Beast,1776988373.0,0
1sttq65,https://www.reddit.com/r/ProgressionFantasy/comments/1sttq65/guild_builderdungeon_core_series_dead_end_guild/,Guild builder/dungeon core series Dead End Guild Master on book 5!,1776974549.0,10
1sttnlc,https://www.reddit.com/r/ProgressionFantasy/comments/1sttnlc/feedback_on_voice_actor_dereks_dungeon_depot/,Feedback on voice actor? Derek's Dungeon Depot,1776974401.0,5
1sttdzl,https://www.reddit.com/r/ProgressionFantasy/comments/1sttdzl/my_first_attempt_at_writing_a_progression_fantasy/,My first attempt at writing a progression fantasy story just released on Royal Road!,1776973794.0,4
1stkhcf,https://www.reddit.com/r/ProgressionFantasy/comments/1stkhcf/free_audible_codes_for_daughters_defender/,Free Audible Codes for Daughter's Defender!,1776954752.0,8
1stjfef,https://www.reddit.com/r/ProgressionFantasy/comments/1stjfef/misadventures_incorporated_book_2_out_now_on/,Misadventures Incorporated Book 2 Out Now on Kindle Unlimited!,1776952418.0,36
1sthzy4,https://www.reddit.com/r/ProgressionFantasy/comments/1sthzy4/book_2_in_my_litrpg_series_the_ethersmith_was/,"Book 2 in my LitRPG series, The Ethersmith, was just released!",1776949006.0,34
1st05n4,https://www.reddit.com/r/ProgressionFantasy/comments/1st05n4/isekai_family_robinson_a_familyfocused/,Isekai Family Robinson: A Family-Focused Progression Fantasy is now Live on Amazon!,1776896268.0,41
1ssxaf6,https://www.reddit.com/r/ProgressionFantasy/comments/1ssxaf6/my_friend_and_i_wrote_what_we_believe_to_be_the/,My friend and I wrote what we believe to be the first Verses litRPG! Here's how it went down:,1776889727.0,19
1sswn51,https://www.reddit.com/r/ProgressionFantasy/comments/1sswn51/pure_mage_build_audio_release/,Pure Mage Build Audio Release,1776888317.0,10
1ssmh8y,https://www.reddit.com/r/ProgressionFantasy/comments/1ssmh8y/knights_apocalyptica_book_3_i_cant_believe_i_have/,"Knights Apocalyptica Book 3, I CANT BELIEVE I HAVE A BOOK 3 (now out on Amazon &amp; Audible)",1776866625.0,104
1ssik8f,https://www.reddit.com/r/ProgressionFantasy/comments/1ssik8f/undersea_reincarnation_book_2_is_out/,Undersea Reincarnation Book 2 is out!,1776856873.0,2
1ss9qbx,https://www.reddit.com/r/ProgressionFantasy/comments/1ss9qbx/newly_broke_heroine_live_on_amazon_kindle/,"Newly Broke Heroine, live on Amazon Kindle Unlimited!",1776828117.0,11
1sry3zy,https://www.reddit.com/r/ProgressionFantasy/comments/1sry3zy/manifest_fantasy_book_one_now_out_military_isekai/,Manifest Fantasy Book One now out! [Military Isekai] (GATE/Stargate inspired),1776799828.0,42
1srt8vc,https://www.reddit.com/r/ProgressionFantasy/comments/1srt8vc/if_you_were_isekaid_into_the_body_of_a_40yearold/,"If you were isekai’d into the body of a 40-year-old ‘trash’ Sect Leader with chronic back pain and a bankrupt treasury, what would you need to survive? (Sect Building, Xianxia LitRPG with 21+ chapters)",1776789820.0,41
1srq0y6,https://www.reddit.com/r/ProgressionFantasy/comments/1srq0y6/dereks_dungeon_depot_is_open_for_business/,Derek's Dungeon Depot is Open for Business!,1776783274.0,49
1srprun,https://www.reddit.com/r/ProgressionFantasy/comments/1srprun/if_your_power_was_an_invisible_hand_that_was/,"If your power was an invisible hand that was incapable of harming others, even indirectly, how would you survive in a harsh, battle-heavy world? (First 23 chapters released!)",1776782732.0,100
1srmvlx,https://www.reddit.com/r/ProgressionFantasy/comments/1srmvlx/totally_spiritual_book_2_is_out_now_on_amazon_and/,Totally Spiritual Book 2 is out now on Amazon and Audible!,1776776211.0,12
1srm1jf,https://www.reddit.com/r/ProgressionFantasy/comments/1srm1jf/starbreaker_volume_5_is_now_live/,Starbreaker: Volume 5 Is Now Live!,1776774103.0,30
1sr2kml,https://www.reddit.com/r/ProgressionFantasy/comments/1sr2kml/my_progression_fantasy_novels_stats_after_5/,My Progression Fantasy Novel's Stats After 5 Months Since Publication,1776718211.0,6
1squpt3,https://www.reddit.com/r/ProgressionFantasy/comments/1squpt3/the_wandering_fairy_art_drop_volumes_14/,"The Wandering Fairy, art drop! Volumes 1-4",1776703229.0,40
1sq9415,https://www.reddit.com/r/ProgressionFantasy/comments/1sq9415/the_first_21_chapters_71k_words_of_my_story_neon/,"The first 21 chapters (71K words) of my story, Neon Flames, have been released on Royal Road!",1776642791.0,34
1sq453e,https://www.reddit.com/r/ProgressionFantasy/comments/1sq453e/this_is_a_horrorcomedy_progression_fantasy_and/,This is a horror-comedy Progression Fantasy and not a weird romance novel. (Please believe me),1776630515.0,0
1sq09eo,https://www.reddit.com/r/ProgressionFantasy/comments/1sq09eo/the_first_litrpg_where_the_mc_wields_chairs/,The first LitRPG where the MC wields chairs - Ascension of the Chairmaker (plus cover art progression ‘cuz I’m anti-AI),1776621838.0,36
1spyyox,https://www.reddit.com/r/ProgressionFantasy/comments/1spyyox/hopepunk_horror_pf_the_last_dainv/,Hopepunk Horror PF The Last Dainv,1776619057.0,13
1spsxg1,https://www.reddit.com/r/ProgressionFantasy/comments/1spsxg1/400000_words_written_30_chapters_posted_exactly_1/,"400,000 words written. 30 chapters posted. Exactly 1 follower. I either wrote the worst web novel on Royal Road, or System-less Grimdark is officially dead",1776605112.0,0
1soutld,https://www.reddit.com/r/ProgressionFantasy/comments/1soutld/samurai_chef_now_finally_free_to_read_on_royal/,Samurai Chef now finally free to read on Royal Road! (Plus cover art progression pics),1776510809.0,57
1sooely,https://www.reddit.com/r/ProgressionFantasy/comments/1sooely/they_call_me_princess_cayce_audible_giveaway/,They Call Me Princess Cayce Audible Giveaway!,1776489050.0,8
1son9vy,https://www.reddit.com/r/ProgressionFantasy/comments/1son9vy/what_do_you_think_about_my_cover/,What do you think about my cover?,1776485594.0,0
1soduyq,https://www.reddit.com/r/ProgressionFantasy/comments/1soduyq/book_1_of_chasing_nightmares_breaking_point_is/,"Book 1 of Chasing Nightmares - Breaking Point, is now finished!",1776460516.0,11
1so93rc,https://www.reddit.com/r/ProgressionFantasy/comments/1so93rc/a_leap_into_the_world_of_writing_new_author/,A leap into the world of writing [new author],1776450046.0,7
1so4e1j,https://www.reddit.com/r/ProgressionFantasy/comments/1so4e1j/free_giveaway/,FREE GIVEAWAY,1776439946.0,7
1so3dvu,https://www.reddit.com/r/ProgressionFantasy/comments/1so3dvu/i_spent_7_years_building_a_litrpg_where_dd_was_a/,I spent 7 years building a LitRPG where D&amp;D was a survival manual planted by aliens. It's now live on Royal Road.,1776437799.0,52
1so2eve,https://www.reddit.com/r/ProgressionFantasy/comments/1so2eve/the_amulet_of_broken_time_a_dark_fantasy_light/,"The Amulet of Broken Time — A Dark Fantasy, Light Cultivation Series, now posting on RR",1776435659.0,39
1sncnfj,https://www.reddit.com/r/ProgressionFantasy/comments/1sncnfj/mysidian_wanderings/,Mysidian Wanderings,1776365383.0,4
1snbkaq,https://www.reddit.com/r/ProgressionFantasy/comments/1snbkaq/first_book_in_a_retrofuturistic_light_litrpg/,"First book in a retro-futuristic, light litrpg, monster tamer trilogy. Book one is out now on amazon, or for FREE on Tapas!",1776363088.0,44
1sn793m,https://www.reddit.com/r/ProgressionFantasy/comments/1sn793m/just_reloaded_fresh_audible_codes_for_oathbreaker/,Just reloaded fresh Audible codes for Oathbreaker: Realm Online book 1 - listen to it free,1776354117.0,6
1sn63nh,https://www.reddit.com/r/ProgressionFantasy/comments/1sn63nh/guild_mage_5_renegade_live_on_amazon/,"Guild Mage 5: Renegade, live on Amazon!",1776351693.0,108
1sn22br,https://www.reddit.com/r/ProgressionFantasy/comments/1sn22br/apocalypse_engineering_book_two_is_out_on_kindle/,Apocalypse Engineering Book Two is out on Kindle!,1776342450.0,35
1sn20sc,https://www.reddit.com/r/ProgressionFantasy/comments/1sn20sc/my_latest_rr_release_has_a_murder_ai_say_murder/,"My latest RR release has a Murder AI say ""Murder Dollars are spent in the Murder Store.""",1776342345.0,20
1smk4yk,https://www.reddit.com/r/ProgressionFantasy/comments/1smk4yk/downtown_druid_book_3_is_out_on_audio/,Downtown Druid Book 3 is out on Audio!,1776289738.0,49
1smeqpy,https://www.reddit.com/r/ProgressionFantasy/comments/1smeqpy/the_lone_wanderer_book_4_is_out_on_kindle_and/,The Lone Wanderer Book 4 is out on Kindle and Audible!,1776278126.0,89
1smdp7k,https://www.reddit.com/r/ProgressionFantasy/comments/1smdp7k/hell_difficulty_tutorial_book_7_is_out/,Hell Difficulty Tutorial: Book 7 is out!,1776275975.0,326
1sman1j,https://www.reddit.com/r/ProgressionFantasy/comments/1sman1j/its_been_a_minute_but_iron_blooded_a_gritty/,"It’s been a minute but Iron Blooded, a gritty military LitRPG, just dropped book 3.",1776269561.0,65
1sm70om,https://www.reddit.com/r/ProgressionFantasy/comments/1sm70om/towerbound_book_7_out_now/,Towerbound Book 7 out now!,1776261772.0,6
1slgbd8,https://www.reddit.com/r/ProgressionFantasy/comments/1slgbd8/consume_monsters_befriend_dragons_become_a_living/,Consume Monsters. Befriend Dragons. Become a Living God.,1776189589.0,8
1slah3z,https://www.reddit.com/r/ProgressionFantasy/comments/1slah3z/never_thought_i_would_have_spiritbound_book_2_on/,Never Thought I Would Have Spiritbound Book 2 On KU!,1776177226.0,36
1sla9bx,https://www.reddit.com/r/ProgressionFantasy/comments/1sla9bx/labyrinth_of_the_mad_goda_gritty_survival_litrpg/,Labyrinth of the Mad God—a gritty survival LitRPG about humanity rising from the ashes and reclaiming their homeworld—is now live on Amazon and Audible!,1776176745.0,56
1sl9u2o,https://www.reddit.com/r/ProgressionFantasy/comments/1sl9u2o/punish_the_system_a_system_apocalypseintegration/,PUNISH THE SYSTEM - A System Apocalypse/Integration LitRPG OUT NOW / eBook + Audio (BY SOUNDBOOTH!),1776175821.0,8
1sl6ep3,https://www.reddit.com/r/ProgressionFantasy/comments/1sl6ep3/heretical_fishing_5_now_available_in_all_formats/,Heretical Fishing 5 now available in all formats (and Corporal Claws plushie pre-order!),1776167491.0,30
1sk98x2,https://www.reddit.com/r/ProgressionFantasy/comments/1sk98x2/augmented_aspects_book_5_censorship_ebook_release/,Augmented Aspects Book 5: Censorship: eBook Release!,1776083029.0,13
1sk7o8d,https://www.reddit.com/r/ProgressionFantasy/comments/1sk7o8d/as_promised_the_sworn_sword_books_1_and_2_are_in/,"As promised: The Sworn Sword books 1 and 2 are in Kindle Unlimited/Audible, and with New Covers ⚔️",1776078672.0,29
1sjysj6,https://www.reddit.com/r/ProgressionFantasy/comments/1sjysj6/heartworm_volume_2_has_concluded/,Heartworm Volume 2 has concluded,1776049308.0,1
1siqwoq,https://www.reddit.com/r/ProgressionFantasy/comments/1siqwoq/made_an_app_so_i_could_listen_to_rr_on_my_commute/,Made an app so I could listen to RR on my commute - Demo,1775932233.0,0
1si3cpt,https://www.reddit.com/r/ProgressionFantasy/comments/1si3cpt/series_emilia_transmigrated_a_from_birth/,"[Series] Emilia Transmigrated - A ""From Birth"" Progression Fantasy with heavy focus on Crafting and Hard Magic",1775865329.0,22
1shyw56,https://www.reddit.com/r/ProgressionFantasy/comments/1shyw56/i_will_waste_this_selfpromo_opportunity_to_show/,I will waste this self-promo opportunity to show off the latest commission of my MC so you can see her too!,1775854426.0,126
1sho4iu,https://www.reddit.com/r/ProgressionFantasy/comments/1sho4iu/out_now_the_complete_pantheon_rogue_system/,OUT NOW - The Complete Pantheon: Rogue System trilogy narrated by Christian Gilliland,1775831283.0,3
1shnk5r,https://www.reddit.com/r/ProgressionFantasy/comments/1shnk5r/my_mcs_most_devastating_weapon_is_a_footnote/,My MC's most devastating weapon is a footnote,1775830000.0,4
1shkx1u,https://www.reddit.com/r/ProgressionFantasy/comments/1shkx1u/the_second_audiobook_in_my_series_released_on/,The second audiobook in my series released on Audible this week!,1775823584.0,16
1sgvh6j,https://www.reddit.com/r/ProgressionFantasy/comments/1sgvh6j/to_prepare_for_books_45_of_portal_to_nova_roma/,To prepare for books 4/5 of Portal to Nova Roma releasing soon I've created an Omnibus edition of books 1-3 for everyone. Free on KU or grab the audiobook which is 67 HOURS LONG for just a single credit!,1775754071.0,212
1sgt7yh,https://www.reddit.com/r/ProgressionFantasy/comments/1sgt7yh/not_just_a_mage_lord_isekai_my_latest_book_is_now/,Not (Just) A Mage Lord Isekai - My latest book is now available on Amazon and Audible. I hope you'll check it out.,1775749245.0,51
1sgr7we,https://www.reddit.com/r/ProgressionFantasy/comments/1sgr7we/the_daughters_defender_audiobook_is_now_available/,The Daughter's Defender Audiobook Is Now Available!,1775744931.0,9
1sgpz9k,https://www.reddit.com/r/ProgressionFantasy/comments/1sgpz9k/my_mc_stole_someones_body_to_survive_now_the/,My MC stole someone's body to survive. Now the original owner wants it back [Dark LitRPG / Anti-Hero / Dual Consciousness],1775742111.0,14
1sgm69a,https://www.reddit.com/r/ProgressionFantasy/comments/1sgm69a/irwins_journey_the_cardsmith_book_4_just_released/,Irwin's Journey - The Cardsmith book 4 just released!,1775731758.0,25
1sg5umo,https://www.reddit.com/r/ProgressionFantasy/comments/1sg5umo/almost_4_months_of_posting_book_1_is_now_complete/,"Almost 4 Months Of Posting &amp; Book 1 Is Now Complete - 145,000 Words",1775683023.0,14
1sg0m34,https://www.reddit.com/r/ProgressionFantasy/comments/1sg0m34/my_first_novel_ever_is_fully_posted_on_royalroad/,My first novel ever is fully posted on RoyalRoad,1775671596.0,17
1sfqgv9,https://www.reddit.com/r/ProgressionFantasy/comments/1sfqgv9/outbound_book_12_of_millennial_mage_is_out/,"Outbound, book 12 of Millennial Mage is out!",1775648747.0,114
1sf9j0q,https://www.reddit.com/r/ProgressionFantasy/comments/1sf9j0q/reapers_madness_now_available_in_all_formats/,Reaper's Madness now available in all formats,1775597786.0,16
1seybwn,https://www.reddit.com/r/ProgressionFantasy/comments/1seybwn/taming_destiny_book_4_expansion_out_now/,Taming Destiny Book 4: Expansion out now,1775573736.0,19
1sewvue,https://www.reddit.com/r/ProgressionFantasy/comments/1sewvue/the_rascor_plains_kickstarter_is_live/,The Rascor Plains Kickstarter is live!,1775570543.0,33
1sewpr6,https://www.reddit.com/r/ProgressionFantasy/comments/1sewpr6/new_release_aetherforged_2_demonstorm_from_luke/,New release - Aetherforged 2 Demonstorm from Luke Chmilenko and Harmon Cooper!,1775570166.0,21
1setzs5,https://www.reddit.com/r/ProgressionFantasy/comments/1setzs5/dragonborn_rite_of_ascension_a_progression/,Dragonborn - Rite of Ascension - A Progression Fantasy Epic,1775563411.0,47
1sesipd,https://www.reddit.com/r/ProgressionFantasy/comments/1sesipd/hey_all_pardon_me_whilst_i_announce_my_latest/,"Hey all! Pardon me whilst I announce my latest book: Andy in the Apocalypse, a LitRPG/Progression story. Details inside~",1775559044.0,122
1sedonq,https://www.reddit.com/r/ProgressionFantasy/comments/1sedonq/launch_the_talker_dark_progression_fantasy_in_the/,[Launch] The Talker – Dark Progression Fantasy in the same universe as The Reaper,1775514382.0,5
1seaqel,https://www.reddit.com/r/ProgressionFantasy/comments/1seaqel/the_great_afterlife_bake_off/,The Great Afterlife Bake Off,1775507689.0,8
1se63be,https://www.reddit.com/r/ProgressionFantasy/comments/1se63be/a_street_magician_who_has_been_dealt_the_worst/,A street magician who has been dealt the worst possible hand must find a way to overcome all expectations!,1775497860.0,27
1se5348,https://www.reddit.com/r/ProgressionFantasy/comments/1se5348/symphony_book_3_strandbinder_out_on_amazon_and/,"Symphony book 3, Strandbinder, out on Amazon and Audible!",1775495763.0,17
1se50qr,https://www.reddit.com/r/ProgressionFantasy/comments/1se50qr/salt_and_blood_a_pirate_litrpg/,Salt and Blood - A Pirate LitRPG!,1775495611.0,60
1sdzq5b,https://www.reddit.com/r/ProgressionFantasy/comments/1sdzq5b/faceless_hunter_out_on_ku_audible_from_the_author/,Faceless Hunter - Out on KU &amp; Audible! (From the author of Reborn as a Demonic Tree!),1775484106.0,137
1sda6eb,https://www.reddit.com/r/ProgressionFantasy/comments/1sda6eb/ugly_stepsister_time_looper_how_many_loops_til/,Ugly Stepsister Time Looper. how many loops ‘til that sweet royal kiss? (Sorry if you saw this post already),1775411547.0,0
1sch33c,https://www.reddit.com/r/ProgressionFantasy/comments/1sch33c/new_fiction_game_over_book_1_overworld_litrpg/,"[New Fiction] Game Over, Book 1: Overworld | LitRPG, Progression, Portal Fantasy, Action-Adventure",1775328040.0,76
1scc5kc,https://www.reddit.com/r/ProgressionFantasy/comments/1scc5kc/sacrifice_mage_is_out_now_on_ku_and_audible/,Sacrifice Mage is out now on KU and audible! Comment for a free audible code,1775316519.0,105
1sbokpj,https://www.reddit.com/r/ProgressionFantasy/comments/1sbokpj/13k_litrpg_progression_fantasy_ku_series_google/,1.3k+ LitRPG &amp; Progression Fantasy KU Series Google Spreadsheet,1775247509.0,27
1sbdvma,https://www.reddit.com/r/ProgressionFantasy/comments/1sbdvma/slow_burn_cultivation_with_character_focus/,Slow Burn Cultivation with Character Focus,1775223526.0,16
1sb3nwa,https://www.reddit.com/r/ProgressionFantasy/comments/1sb3nwa/tv_is_tv_artwork/,TV is TV (Artwork),1775190404.0,1
1sb2nzr,https://www.reddit.com/r/ProgressionFantasy/comments/1sb2nzr/my_magus_academy_is_run_by_players_book_3_a/,My Magus Academy is Run by Players?! Book 3 — a cultivation LitRPG about a guy who can summon players from Earth is now live on Amazon!,1775187386.0,18
1sajv49,https://www.reddit.com/r/ProgressionFantasy/comments/1sajv49/excited_so_many_read_my_prog_fantasy_novel/,Excited so many read my Prog. Fantasy Novel: [Shatterpoint]! Published 10 days ago,1775142194.0,42
1sai0fq,https://www.reddit.com/r/ProgressionFantasy/comments/1sai0fq/fiends_for_hire_wish_is_out_on_kindle_unlimited/,Fiends For Hire: Wish is out on Kindle Unlimited!,1775137967.0,64
1sa2bju,https://www.reddit.com/r/ProgressionFantasy/comments/1sa2bju/mark_of_the_webtoon_mark_of_the_fool_webtoon/,Mark of the Webtoon (Mark of the Fool Webtoon Launches Today - Not April Fool's Joke),1775089556.0,100
1s9tb6z,https://www.reddit.com/r/ProgressionFantasy/comments/1s9tb6z/writing_the_story_i_wanted_to_read/,Writing the Story I Wanted to Read,1775068771.0,8
1s9p09u,https://www.reddit.com/r/ProgressionFantasy/comments/1s9p09u/final_version_of_my_handmade_cover/,Final version of my handmade cover!,1775059886.0,20
1s9mj6g,https://www.reddit.com/r/ProgressionFantasy/comments/1s9mj6g/audible_has_my_entire_completed_series_keiran_the/,"Audible has my entire completed series, Keiran: The Eternal Mage, 80% off this week.",1775054577.0,52
1s9m7dv,https://www.reddit.com/r/ProgressionFantasy/comments/1s9m7dv/nightmare_realm_summoner_book_3_is_out/,Nightmare Realm Summoner Book 3 is out!,1775053824.0,13
1s9jvlo,https://www.reddit.com/r/ProgressionFantasy/comments/1s9jvlo/new_monthly_book_release_announcement_thread/,New Monthly Book Release Announcement Thread,1775048449.0,10
1s9j0iv,https://www.reddit.com/r/ProgressionFantasy/comments/1s9j0iv/huge_news_for_maze_last_chance_to_read_before_stub/,Huge news for MAZE last chance to read before stub!,1775046198.0,25
1s95knh,https://www.reddit.com/r/ProgressionFantasy/comments/1s95knh/metaworld_chronicles_art_drop_volumes_78/,Metaworld Chronicles art Drop volumes 7-8,1775004358.0,117
1s8s5fk,https://www.reddit.com/r/ProgressionFantasy/comments/1s8s5fk/the_god_of_magic_archmage_academy_is_on_rising/,The God of Magic: Archmage Academy is on Rising Stars! Cover + Manga pages,1774974156.0,15
1s8okr7,https://www.reddit.com/r/ProgressionFantasy/comments/1s8okr7/an_unhinged_progression_fantasy_that_throws_magic/,"An unhinged Progression Fantasy that throws magic, tech, and cultivation into a blender with cosmic horror and comedy without undermining the stakes. (84,000 Words / Daily Updates)",1774966369.0,10
1s8gchy,https://www.reddit.com/r/ProgressionFantasy/comments/1s8gchy/bunny_girl_evolution_2_audiobook_from_soundbooth/,Bunny Girl Evolution 2 audiobook from SoundBooth Theater available on Audible!,1774940964.0,41
1s7ufsh,https://www.reddit.com/r/ProgressionFantasy/comments/1s7ufsh/my_1st_ever_novel_a_dark_progression_fantasy_had/,"My 1st Ever Novel, A Dark Progression Fantasy, Had Reached 100 Chapters!",1774885926.0,13
1s725fl,https://www.reddit.com/r/ProgressionFantasy/comments/1s725fl/realms_beneath_the_eternal_light_book_1_the/,"Realms Beneath the Eternal Light, Book 1: The Celestial Path",1774807323.0,5
1s6tdqq,https://www.reddit.com/r/ProgressionFantasy/comments/1s6tdqq/selfpromotion_reborn_in_a_world_of_fallen_gods/,"[Self-Promotion] Reborn in a World of Fallen Gods: Emilia Transmigrated – A Story of Survival, Ancient Myths, and the Price of Magic",1774786127.0,10
1s69gtw,https://www.reddit.com/r/ProgressionFantasy/comments/1s69gtw/forsaken_talents_3_a_ruined_world_is_live_on/,Forsaken Talents 3: A Ruined World is live on pre-order after 6 years.,1774725837.0,3
1s4we31,https://www.reddit.com/r/ProgressionFantasy/comments/1s4we31/the_end_of_a_miserable_journey_a_grimdark_space/,The End of a Miserable Journey: A Grimdark Space Cultivation Novella,1774592789.0,16
1s4ezj0,https://www.reddit.com/r/ProgressionFantasy/comments/1s4ezj0/had_the_flu_for_a_month_jetlag_breakup_my_artist/,"Had the flu for a month, jetlag, breakup, my artist disappeared, but I still powered through and now have published the book!",1774548223.0,26
1s495r9,https://www.reddit.com/r/ProgressionFantasy/comments/1s495r9/voidlight_rising_book_2_amazon_release/,Voidlight Rising Book 2 Amazon Release,1774535654.0,43
1s45fgp,https://www.reddit.com/r/ProgressionFantasy/comments/1s45fgp/book_4_of_my_magic_academy_series_blood_curse/,Book 4 of my Magic Academy Series - Blood Curse Academia - Is out now!,1774526288.0,68
1s3xo8a,https://www.reddit.com/r/ProgressionFantasy/comments/1s3xo8a/etherious_fringe_walker_is_now_available_on/,Etherious: Fringe Walker is now available on Amazon and KU,1774499232.0,25
1s3t0ud,https://www.reddit.com/r/ProgressionFantasy/comments/1s3t0ud/wild_era_3_audio_release_op_archmage_of_souls/,Wild Era 3 Audio Release. OP Archmage of Souls Reborn. Narrated by Neil Hellegers,1774486287.0,28
1s3g0xr,https://www.reddit.com/r/ProgressionFantasy/comments/1s3g0xr/five_prologues_help_me_choose_my_next_story/,Five Prologues – Help me choose my next story!,1774457024.0,0
1s3czi1,https://www.reddit.com/r/ProgressionFantasy/comments/1s3czi1/the_lord_of_the_seas_book_3_is_out_now/,The Lord of the Seas Book 3 is out now!,1774450375.0,33
1s3cgz1,https://www.reddit.com/r/ProgressionFantasy/comments/1s3cgz1/return_betrayed_599_times_a_progression_fantasy/,"Return: Betrayed 599 Times a Progression Fantasy / Mystery, on RR!",1774449226.0,0
1s2t31n,https://www.reddit.com/r/ProgressionFantasy/comments/1s2t31n/depthless_hunger_2_is_out_today_im_giving_away/,Depthless Hunger 2 is out today! I'm giving away free audiobooks to commenters.,1774392341.0,67
1s2rbt6,https://www.reddit.com/r/ProgressionFantasy/comments/1s2rbt6/brand_of_the_bloodheir_release/,Brand of the Bloodheir release!,1774388308.0,6
1s2ozp0,https://www.reddit.com/r/ProgressionFantasy/comments/1s2ozp0/true_villain_litrpg/,True villain litrpg,1774383143.0,5
1s2oyu3,https://www.reddit.com/r/ProgressionFantasy/comments/1s2oyu3/rise_of_the_archmage_alister_a_slowburn_litrpg/,"Rise of the Archmage Alister, a Slow-Burn LitRPG",1774383092.0,3
1s2mjym,https://www.reddit.com/r/ProgressionFantasy/comments/1s2mjym/new_release_isekai_for_hire_dark_litrpg_antihero/,"[New Release] Isekai for Hire - Dark, LitRPG, Anti-Hero.",1774377912.0,41
1s2ek0h,https://www.reddit.com/r/ProgressionFantasy/comments/1s2ek0h/my_noir_litrpg_trilogy_completes_today/,My noir LitRPG Trilogy completes today!,1774360747.0,20
1s2e8oz,https://www.reddit.com/r/ProgressionFantasy/comments/1s2e8oz/10_free_audio_codes_for_books_1_and_2_to/,10 Free audio codes for books 1 and 2 to celebrate finishing the first draft of book 3!,1774360002.0,7
1s2d00t,https://www.reddit.com/r/ProgressionFantasy/comments/1s2d00t/gladesbale_grove_amazon_release/,Gladesbale Grove Amazon Release!,1774357013.0,59
1s2bhqe,https://www.reddit.com/r/ProgressionFantasy/comments/1s2bhqe/blue_star_enterprises_book_3_is_now_available_on/,Blue Star Enterprises Book 3 is now available on Amazon and Audible!,1774352824.0,33
1s2ao00,https://www.reddit.com/r/ProgressionFantasy/comments/1s2ao00/magicapita_the_slum_wars_is_out_on_amazon_and/,Magicapita: The Slum Wars is out on Amazon and Audible!,1774350264.0,32
1s1w7kf,https://www.reddit.com/r/ProgressionFantasy/comments/1s1w7kf/amazon_free_ebooks_1_2_for_book_4s_release/,Amazon *Free Ebooks* (1 &amp; 2) for Book 4's Release! | Project Tartarus,1774305889.0,4
1s1ncg7,https://www.reddit.com/r/ProgressionFantasy/comments/1s1ncg7/the_migration_of_vivex_is_live_on_kindle_and/,The Migration of Vivex is LIVE on Kindle and Kindle Unlimited!,1774286702.0,63
1s1glrf,https://www.reddit.com/r/ProgressionFantasy/comments/1s1glrf/finally_the_high_stakes_regressor_thats_been/,"Finally, the high stakes regressor that’s been living in my head is out on KU and Audible! I hope you enjoy it.",1774271838.0,66
1s1b8zd,https://www.reddit.com/r/ProgressionFantasy/comments/1s1b8zd/bones_in_the_dark_free_on_kindle_until_25_march/,Bones in the Dark - Free on Kindle Until 25 March,1774254777.0,81
1s0o0ti,https://www.reddit.com/r/ProgressionFantasy/comments/1s0o0ti/the_human_beast/,The Human Beast,1774192056.0,4
1rzsq1x,https://www.reddit.com/r/ProgressionFantasy/comments/1rzsq1x/critique_i_need_your_judgment_15k_words/,[CRITIQUE] I NEED YOUR JUDGMENT! 15k words,1774102945.0,2
1rzkkom,https://www.reddit.com/r/ProgressionFantasy/comments/1rzkkom/selfpromotion_but_i_worked_really_hard_on_this/,"self-promotion, but I worked really hard on this one ☺️ (re-post)",1774075338.0,100
1rza76b,https://www.reddit.com/r/ProgressionFantasy/comments/1rza76b/i_did_it_commissioned_a_cover/,I Did it. Commissioned a cover!,1774045328.0,61
1rza6k3,https://www.reddit.com/r/ProgressionFantasy/comments/1rza6k3/new_handmade_cover/,New handmade cover!,1774045282.0,22
1rz0pi3,https://www.reddit.com/r/ProgressionFantasy/comments/1rz0pi3/achievement_get_quarter_million_words/,Achievement get: Quarter million words!,1774023484.0,17
1ryy24w,https://www.reddit.com/r/ProgressionFantasy/comments/1ryy24w/free_on_amazon_21032026_till_25032026_the_end_of/,[Free on Amazon: 21/03/2026 till 25/03/2026] The End of a Miserable Journey: A Grimdark Space Cultivation Novella,1774017595.0,4
1rywhhm,https://www.reddit.com/r/ProgressionFantasy/comments/1rywhhm/he_touched_something_in_the_dark_it_touched_back/,He touched something in the dark. It touched back,1774013908.0,2
1ry324x,https://www.reddit.com/r/ProgressionFantasy/comments/1ry324x/daughters_defender_out_now_on_royal_road/,Daughter's Defender out now on Royal Road!,1773933100.0,19
1ry0w7m,https://www.reddit.com/r/ProgressionFantasy/comments/1ry0w7m/vrmmo_has_apparently_fallen_out_of_fashion_but/,"VRMMO has apparently fallen out of fashion, but this one is for those that still love the genre!",1773928140.0,64
1ry07kt,https://www.reddit.com/r/ProgressionFantasy/comments/1ry07kt/180k_words_of_a_familylitrpg_adventure_now_on_ku/,180k words of a Family-LitRPG Adventure now on KU,1773926384.0,44
1rxyeut,https://www.reddit.com/r/ProgressionFantasy/comments/1rxyeut/metaworld_chronicles_volume_14/,Metaworld Chronicles Volume 14,1773921412.0,108
1rxkl4v,https://www.reddit.com/r/ProgressionFantasy/comments/1rxkl4v/chrysalis_8_anticipate_the_fall_is_out_now_look/,"Chrysalis 8: Anticipate the Fall is out now! Look at my boy, he's all grown up!",1773877855.0,273
1rxj7yn,https://www.reddit.com/r/ProgressionFantasy/comments/1rxj7yn/ama_with_eric_dontigney_author_of_unintended/,AMA with Eric Dontigney - Author of Unintended Cultivator and Isekai Terry 7PM EST,1773874596.0,18
1rxdcfl,https://www.reddit.com/r/ProgressionFantasy/comments/1rxdcfl/the_world_is_dead_monsters_roam_every_10_levels_a/,"The world is dead. Monsters roam. Every 10 levels, a Voice answers one question.",1773861478.0,4
1rxcnsz,https://www.reddit.com/r/ProgressionFantasy/comments/1rxcnsz/path_of_the_slayer_4_is_out_now_on_amazon/,Path of the Slayer 4 is out now on Amazon!,1773860033.0,10
1rxbxa5,https://www.reddit.com/r/ProgressionFantasy/comments/1rxbxa5/mark_of_the_fool_10_comes_out_in_audio/,Mark of the Fool 10 Comes out in Audio!,1773858424.0,103
1rwxn8k,https://www.reddit.com/r/ProgressionFantasy/comments/1rwxn8k/path_of_the_deathless_book_1_aka_guy_so_bad_at/,Path of the Deathless Book 1 AKA Guy So Bad at Dying System Bribes Him with Levels Every Time He Comes Back To Life,1773820508.0,120
1rwrjhn,https://www.reddit.com/r/ProgressionFantasy/comments/1rwrjhn/emperor_of_the_borderlands_4_is_live_on_kindle/,Emperor of the Borderlands # 4 is live on Kindle Unlimited,1773800958.0,21
1rwczoq,https://www.reddit.com/r/ProgressionFantasy/comments/1rwczoq/yall_greenlit_the_concept_now_thanks_to_you_its/,"Y'all greenlit the concept. Now, thanks to you, it's ready. Here’s 60k words, quality HTML/CSS Visuals, optional interactables and MY ATTEMPT TO GET YOU TO READ IT.",1773768160.0,85
1rwbfxl,https://www.reddit.com/r/ProgressionFantasy/comments/1rwbfxl/wish_upon_the_stars_book_11_amazon_release_plus/,Wish upon the Stars Book 11 amazon release plus new RR story!,1773764933.0,8
1rw84f4,https://www.reddit.com/r/ProgressionFantasy/comments/1rw84f4/rules_of_biomancy_is_now_out_on_ku/,Rules of Biomancy is now out on KU!,1773757795.0,67
1rw7lqp,https://www.reddit.com/r/ProgressionFantasy/comments/1rw7lqp/reborn_as_a_demon_hat_is_now_on_amazon_all_formats/,Reborn as a Demon Hat is now on Amazon (all formats),1773756622.0,45
1rw7hz3,https://www.reddit.com/r/ProgressionFantasy/comments/1rw7hz3/in_honor_of_st_pattys_day_im_launching_my/,"In Honor of St. Patty's Day, I'm launching my Boston-Based System Apocalypse Story!",1773756388.0,10
1rw4uwc,https://www.reddit.com/r/ProgressionFantasy/comments/1rw4uwc/archsage_and_the_soul_philosophy_op_mc_57k_words/,ArchSage and the Soul Philosophy [OP MC]: 57k words on Royal Road now,1773749737.0,4
1rvzxz4,https://www.reddit.com/r/ProgressionFantasy/comments/1rvzxz4/upstream_the_knight_rising_volumes_1_3_omnibus/,UpStream: The Knight Rising — Volumes 1 - 3 Omnibus,1773732692.0,1
1rvjenv,https://www.reddit.com/r/ProgressionFantasy/comments/1rvjenv/my_new_dark_fantasy_progression_is_out_now/,"My new dark fantasy progression is out now! Knowledge-is-power MC who knows everyone's secrets, isekai transmigration, available on Amazon and Kindle Unlimited!",1773689106.0,21
1rvgnzj,https://www.reddit.com/r/ProgressionFantasy/comments/1rvgnzj/world_keeper_113_is_now_on_kindle_unlimited/,World Keeper 1-13 is now on Kindle Unlimited! Covers by Bad Moon Art Studio.,1773683411.0,122
1rvbm0l,https://www.reddit.com/r/ProgressionFantasy/comments/1rvbm0l/selfsummon_a_demon_summoningevolution_litrpg_out/,"Self-Summon, a Demon Summoning/Evolution LitRPG, out now on RR!",1773672727.0,317
1rupcjz,https://www.reddit.com/r/ProgressionFantasy/comments/1rupcjz/seeking_arc_readers_for_isekai_family_robinson_a/,Seeking ARC readers for Isekai Family Robinson - A Family-Focused Slow-Burn Prog Fantasy,1773607730.0,49
1rudtrb,https://www.reddit.com/r/ProgressionFantasy/comments/1rudtrb/nik_a_little_brave_warrior/,Nik. a little brave warrior!,1773580695.0,3
1rubp11,https://www.reddit.com/r/ProgressionFantasy/comments/1rubp11/practically_a_question_but_technically_selfpromo/,"Practically a question, but technically self-promo. [spoiler]",1773574137.0,1
1rtlcvt,https://www.reddit.com/r/ProgressionFantasy/comments/1rtlcvt/my_1st_ever_offmeta_book_is_gaining_traction_on/,My 1st Ever Off-Meta Book Is Gaining Traction On Royal Road!,1773499808.0,18
1rsmq6o,https://www.reddit.com/r/ProgressionFantasy/comments/1rsmq6o/a_ravens_game_of_change_royal_road_almost/,"A Raven's Game of Change (Royal Road), almost finished part 1!",1773406938.0,0
1rs3e3s,https://www.reddit.com/r/ProgressionFantasy/comments/1rs3e3s/progression_fantasy_with_a_power_armor_stranded/,Progression fantasy with a power armor stranded in a world of magic and faith (KU release),1773349883.0,21
1rrs7v6,https://www.reddit.com/r/ProgressionFantasy/comments/1rrs7v6/ultimate_level_1_book_11_is_out_on_amazon/,Ultimate Level 1 - Book 11 is out on Amazon,1773325624.0,93
1rrfbpn,https://www.reddit.com/r/ProgressionFantasy/comments/1rrfbpn/finished_book_1_core_lord_is_available_on_kindle/,Finished Book 1! Core Lord is available on Kindle &amp; Kindle Unlimited!,1773284552.0,33
1rqyj2l,https://www.reddit.com/r/ProgressionFantasy/comments/1rqyj2l/cover_reveal_i_guess_lol/,Cover reveal I guess LOL,1773246513.0,21
1rquf0z,https://www.reddit.com/r/ProgressionFantasy/comments/1rquf0z/from_far_end_of_this_world_tale_about_journey/,From Far End Of This World - Tale about journey!,1773237325.0,8
1rqtp8t,https://www.reddit.com/r/ProgressionFantasy/comments/1rqtp8t/the_first_book_in_my_deck_building_card_battling/,"The first book in my deck building, card battling adventure series is free on Amazon this week! Book 2 is 99c/p in the US and UK, too. Progression through card game tournaments, not just cards as skills - I'm really proud of this one!",1773235563.0,16
1rqq9zv,https://www.reddit.com/r/ProgressionFantasy/comments/1rqq9zv/promo_books_1_2_of_a_mages_journey_from_birth_are/,"[Promo] Books 1 &amp; 2 of ""A Mage's Journey From Birth"" are out! Resourceful crafting, Formation Mastery, and no ""lucky"" power-ups.",1773225608.0,0
1rqecfw,https://www.reddit.com/r/ProgressionFantasy/comments/1rqecfw/apocalypse_farmer_on_royal_road/,Apocalypse Farmer on Royal Road,1773187891.0,11
1rq65is,https://www.reddit.com/r/ProgressionFantasy/comments/1rq65is/11k_litrpg_progression_fantasy_ku_series_google/,1.1k+ LitRPG &amp; Progression Fantasy KU Series Google Spreadsheet,1773169667.0,29
1rq2j3k,https://www.reddit.com/r/ProgressionFantasy/comments/1rq2j3k/mage_errant_bookstore_relaunch/,Mage Errant Bookstore Relaunch!,1773162084.0,110
1rpyei4,https://www.reddit.com/r/ProgressionFantasy/comments/1rpyei4/yeah_wrong_dual_cultivation/,"Yeah, wrong dual cultivation",1773152850.0,0
1rpxzr4,https://www.reddit.com/r/ProgressionFantasy/comments/1rpxzr4/industrial_mage_book_1_is_out_today_on_kindle/,"Industrial Mage: Book 1 is out today on Kindle, Kindle Unlimited, and Audible!",1773151889.0,132
1rpxg2c,https://www.reddit.com/r/ProgressionFantasy/comments/1rpxg2c/stormblade_volume_one_now_on_kindle_and_audible/,Stormblade Volume One Now on Kindle and Audible,1773150600.0,41
1rpvp5f,https://www.reddit.com/r/ProgressionFantasy/comments/1rpvp5f/shadow_of_the_soul_king_book_2_is_available_now/,Shadow of the Soul King Book 2 is Available Now!,1773146062.0,5
1rpa5t8,https://www.reddit.com/r/ProgressionFantasy/comments/1rpa5t8/just_crossed_100_followers_on_royal_road/,Just Crossed 100 Followers on Royal Road!,1773084782.0,22
1rp3y11,https://www.reddit.com/r/ProgressionFantasy/comments/1rp3y11/dao_of_healing_2_doctor_isekai_xianxia/,Dao of Healing 2 - Doctor Isekai Xianxia,1773071636.0,14
1rp075x,https://www.reddit.com/r/ProgressionFantasy/comments/1rp075x/to_save_two_world_book_1_tenets_of_eden_amazon/,To Save Two World Book 1 - Tenets of Eden [Amazon Release],1773062893.0,40
1rog193,https://www.reddit.com/r/ProgressionFantasy/comments/1rog193/dont_be_distracted_graphic_novel_for_system/,Don't Be Distracted - Graphic Novel for System Orphans Claire,1773002914.0,24
1roehn0,https://www.reddit.com/r/ProgressionFantasy/comments/1roehn0/reincarnation_of_the_death_god_book_4_is_now_up/,Reincarnation of the Death God Book 4 is now up on Amazon,1772999354.0,10
1roaoom,https://www.reddit.com/r/ProgressionFantasy/comments/1roaoom/a_lullaby_of_sand_and_silver_a_teen_assassin_gets/,"[A Lullaby of Sand and Silver] A teen assassin gets cursed, adopts an old wizard, and makes it everyone’s problem",1772990802.0,3
1ro48ky,https://www.reddit.com/r/ProgressionFantasy/comments/1ro48ky/western_cultivation_series_released_on_amazon/,Western Cultivation Series Released on Amazon Today,1772974649.0,2
1rnvvoc,https://www.reddit.com/r/ProgressionFantasy/comments/1rnvvoc/new_subreddit_for_mage_tank_come_check_it_out_and/,New subreddit for Mage Tank! Come check it out and help build the community!,1772946274.0,0
1rnidk2,https://www.reddit.com/r/ProgressionFantasy/comments/1rnidk2/i_just_hit_20k_words_in_my_progression_fantasy/,I just hit 20k words in my progression fantasy and would really love some feedback. 😊,1772910458.0,22
1rmxo3l,https://www.reddit.com/r/ProgressionFantasy/comments/1rmxo3l/looking_for_35_beta_readers_for_a_litrpg/,Looking for 3–5 Beta Readers for a LitRPG / Progression Fantasy Novel (~120k words),1772850042.0,7
1rmjaha,https://www.reddit.com/r/ProgressionFantasy/comments/1rmjaha/one_with_the_swarm_completed_finished_my_first/,One With The Swarm completed! Finished my first story! Yay!,1772815942.0,29
1rmia1p,https://www.reddit.com/r/ProgressionFantasy/comments/1rmia1p/series_finale_giveaway_details_at_bottom_of_post/,Series Finale + Giveaway! (details at bottom of post),1772813727.0,28
1rmblka,https://www.reddit.com/r/ProgressionFantasy/comments/1rmblka/path_of_the_undead_cultivator_is_now_live_on/,Path Of The Undead Cultivator is now live on Kindle and Amazon!,1772796778.0,45
1rlxcrx,https://www.reddit.com/r/ProgressionFantasy/comments/1rlxcrx/welcome_to_hopeville_a_bloodborne_inspired_litrpg/,"Welcome to Hopeville, a Bloodborne inspired litrpg",1772753129.0,3
1rlsao2,https://www.reddit.com/r/ProgressionFantasy/comments/1rlsao2/arrays_in_progression_fantasy/,Arrays in Progression Fantasy,1772741569.0,36
1rlkjbw,https://www.reddit.com/r/ProgressionFantasy/comments/1rlkjbw/relaunch_free_ebook_promo_of_path_of_relics/,Relaunch &amp; Free Ebook Promo of Path of Relics: Aether Shard 2nd Edition (Amazon/KU),1772724562.0,32
1rlitzn,https://www.reddit.com/r/ProgressionFantasy/comments/1rlitzn/elderpyre_book_ii_aspirant_in_now_on_amazon_ku/,Elderpyre Book II: Aspirant in now on Amazon KU!,1772720410.0,8
1rlg5of,https://www.reddit.com/r/ProgressionFantasy/comments/1rlg5of/where_monsters_lurkan_electricity_specialist/,Where Monsters Lurk—an electricity specialist progression fantasy!,1772713125.0,15
1rl7pft,https://www.reddit.com/r/ProgressionFantasy/comments/1rl7pft/augmented_aspects_book_iv_gravely_mistaken_now_on/,Augmented Aspects Book IV: Gravely Mistaken Now on Audible!,1772684178.0,29
1rkvbqs,https://www.reddit.com/r/ProgressionFantasy/comments/1rkvbqs/book_1_complete_jett_fulgen_licensed_vigilante/,[Book 1 Complete] Jett Fulgen: Licensed Vigilante Sorcerer; a superhero LitRPG on Royal Road,1772653280.0,0
1rkpctg,https://www.reddit.com/r/ProgressionFantasy/comments/1rkpctg/reborn_as_a_demonic_tree_book_8_out_today_on/,Reborn as a Demonic Tree: Book 8 out today on Amazon!,1772640278.0,71
1rk0mae,https://www.reddit.com/r/ProgressionFantasy/comments/1rk0mae/geezers_quest_live_on_rr_an_old_man_a_lawyer_and/,"Geezer's Quest Live on RR: An old man, a lawyer, and a stripper walk into an XP bar",1772569933.0,5
1rjxz8t,https://www.reddit.com/r/ProgressionFantasy/comments/1rjxz8t/crimson_storm_sovereign_seinen_progression/,Crimson Storm Sovereign: Seinen progression fantasy. No stats. No LitRPG crunch. 13 chapters live.,1772564172.0,13
1rjqa2t,https://www.reddit.com/r/ProgressionFantasy/comments/1rjqa2t/the_beginning_after_the_end_is_out_now_on_kindle/,The Beginning After the End is out now on Kindle Unlimited!,1772546953.0,257
1rjniuk,https://www.reddit.com/r/ProgressionFantasy/comments/1rjniuk/book_10_of_the_victor_of_tucson_saga_void_forged/,"Book 10 of the Victor of Tucson Saga, Void Forged, is now available on KU and Audible! Check it out~",1772539340.0,76
1riyalq,https://www.reddit.com/r/ProgressionFantasy/comments/1riyalq/bones_in_the_dark_book_1_available_today/,Bones in the Dark Book 1 - Available Today!,1772470669.0,111
1riuna9,https://www.reddit.com/r/ProgressionFantasy/comments/1riuna9/after_a_year_my_war_and_military_story_is_out_on/,After A Year My War And Military Story Is Out On KU!,1772462614.0,62
1ris1j8,https://www.reddit.com/r/ProgressionFantasy/comments/1ris1j8/progression_fantasy_inspired_by_avatar_the_last/,Progression fantasy inspired by Avatar the Last Airbender. Book 3 out now!,1772456058.0,33
1rir2fs,https://www.reddit.com/r/ProgressionFantasy/comments/1rir2fs/the_vainqueur_the_dragon_audio_box_set_66_hours/,"The Vainqueur The Dragon Audio Box Set (66 hours) is on an 82% sale!!! Get all 4 of this HILARIOUS, BELOVED and COMPLETE LitRPG comedy series for $7.19.",1772453150.0,20
1riok9q,https://www.reddit.com/r/ProgressionFantasy/comments/1riok9q/look_an_ad_birbnews_for_upcoming_stuff_and_things/,Look! An Ad! Birbnews for upcoming stuff and things!,1772444544.0,14
1ribr0l,https://www.reddit.com/r/ProgressionFantasy/comments/1ribr0l/i_wrote_a_slowburn_progression_fantasy_where_the/,I wrote a slow-burn progression fantasy where the protagonist is 3 feet tall and literally has to claw his way up from nothing,1772405436.0,34
1ri8ipp,https://www.reddit.com/r/ProgressionFantasy/comments/1ri8ipp/just_found_out_audible_put_2_of_my_box_sets_on/,Just found out Audible put 2 of my box sets on sale for March. Both are completed series in 2 box sets totaling 99 hours if you're looking for a long listen.,1772397849.0,39
1ri4zjm,https://www.reddit.com/r/ProgressionFantasy/comments/1ri4zjm/middle_aged_protagonist_check_a_flawed_mc_that/,Middle aged protagonist? Check. A flawed MC that grows over time? Check.  Murder Rabbits? Check... I guess... Sons of the Father is out on Royal Road now!,1772389988.0,0
1ri37yw,https://www.reddit.com/r/ProgressionFantasy/comments/1ri37yw/weak_kobold_ref_sheets_two_more_coming_on_the_way/,Weak Kobold Ref Sheets! (Two more coming on the way!),1772386123.0,3
1ri1ey1,https://www.reddit.com/r/ProgressionFantasy/comments/1ri1ey1/looking_for_a_finished_series_check_out_the/,Looking for a finished series? Check out The Petralist - YA epic progression fantasy,1772382026.0,6
1rhxzw6,https://www.reddit.com/r/ProgressionFantasy/comments/1rhxzw6/new_monthly_book_release_announcement_thread/,New Monthly Book Release Announcement Thread,1772373678.0,9
