Weight,Word
270,NEW YORK
203,HOUSTON
168,CHICAGO
154,LOS ANGELES
144,MIAMI
139,DALLAS
133,PHOENIX
132,DENVER
129,WASHINGTON
127,BROOKLYN
125,AUSTIN
122,MINNEAPOLIS
121,ATLANTA
120,SAN FRANCISCO
119,PORTLAND
113,SAINT LOUIS
113,LAS VEGAS
113,SAN DIEGO
112,SEATTLE
111,COLUMBUS
106,SALT LAKE CITY
105,ORLANDO
104,BOSTON
104,INDIANAPOLIS
103,CHARLOTTE
103,TAMPA
103,CLEVELAND
102,CINCINNATI
102,JACKSONVILLE
102,PITTSBURGH
101,SAN JOSE
100,SAN ANTONIO
99,ROCHESTER
98,LOUISVILLE
98,FORT LAUDERDALE
96,PHILADELPHIA
96,SACRAMENTO
95,KANSAS CITY
95,OKLAHOMA CITY
95,HONOLULU
95,COLORADO SPRINGS
94,MADISON
94,FRESNO
94,SPRINGFIELD
94,NEW ORLEANS
94,MEMPHIS
93,SANTA ANA
93,BIRMINGHAM
93,LEXINGTON
93,SAINT PAUL
92,GREENVILLE
92,OMAHA
92,OAKLAND
91,NASHVILLE
91,ALBUQUERQUE
91,ANAHEIM
91,KNOXVILLE
90,FORT WORTH
90,RALEIGH
90,IRVINE
90,SCOTTSDALE
90,COLUMBIA
89,AURORA
89,TULSA
89,IRVING
88,VANCOUVER
88,LAKEWOOD
88,PLANO
88,SPRING
88,ALEXANDRIA
87,PASADENA
87,SAVANNAH
87,BALTIMORE
87,JACKSON
87,LINCOLN
87,MARIETTA
87,NEWARK
86,LEBANON
86,WILMINGTON
86,SALEM
86,ENGLEWOOD
86,BAKERSFIELD
86,NORFOLK
86,DAYTON
85,ALPHARETTA
85,CHATTANOOGA
85,SPOKANE
85,LAFAYETTE
85,BRONX
85,CANTON
85,BUFFALO
84,BOULDER
84,BOCA RATON
84,RICHMOND
83,WICHITA
83,MILWAUKEE
83,FORT MYERS
83,FORT WAYNE
83,ALBANY
83,BLOOMINGTON
83,SHREVEPORT
83,SANTA ROSA
83,ARLINGTON
83,HOLLYWOOD
83,RENO
83,HENDERSON
83,ROCKVILLE
83,ODESSA
83,BATON ROUGE
83,AUBURN
83,GAINESVILLE
83,NAPLES
83,HARTFORD
83,BELLEVUE
82,VIRGINIA BEACH
82,CEDAR RAPIDS
82,SIOUX FALLS
82,FREDERICK
82,DETROIT
82,LUBBOCK
82,CITY OF INDUSTRY
82,EDISON
82,GRAND RAPIDS
82,LITTLE ROCK
81,BURLINGTON
81,STOCKTON
81,HAYWARD
81,EL PASO
81,WEST PALM BEACH
81,SAINT CHARLES
81,ORANGE
81,STATEN ISLAND
81,TUCSON
81,AKRON
81,WINSTON SALEM
81,MIDLAND
81,MILFORD
81,SANTA MONICA
81,NAPERVILLE
81,MELBOURNE
81,GREENSBORO
81,CHICO
81,LONG ISLAND CITY
81,TACOMA
81,SARASOTA
81,HUNTINGTON BEACH
80,PORTSMOUTH
80,KENT
80,GREEN BAY
80,BILLINGS
80,ANDERSON
80,GILBERT
80,LITTLETON
80,FRANKLIN
80,WEST CHESTER
80,AVON
80,METAIRIE
80,MONTGOMERY
80,BEVERLY HILLS
80,CHARLESTON
80,FREMONT
80,HUNTSVILLE
80,BEND
80,SYRACUSE
80,ELGIN
80,YORK
80,HARRISBURG
80,SILVER SPRING
80,SPARKS
80,CYPRESS
80,FORT COLLINS
80,JERSEY CITY
80,PRINCETON
79,CORPUS CHRISTI
79,ANCHORAGE
79,WARREN
79,TROY
79,EUGENE
79,LANCASTER
79,CARMEL
79,MESA
79,FARMINGTON
79,LIVERMORE
79,GLENDALE
79,LONG BEACH
79,CLEARWATER
79,ONTARIO
79,ROCKFORD
79,SAN MATEO
79,CONCORD
79,RIVERSIDE
79,OGDEN
79,HUDSON
79,HIALEAH
78,FLORENCE
78,PEORIA
78,SAN MARCOS
78,WILLISTON
78,GAITHERSBURG
78,BRENTWOOD
78,PENSACOLA
78,STAMFORD
78,STERLING HEIGHTS
78,ABERDEEN
78,MOUNT VERNON
78,MANASSAS
78,PLYMOUTH
78,TORRANCE
78,CLINTON
78,MONROE
78,WAUKESHA
78,SAN LUIS OBISPO
78,LAKE FOREST
78,ROSEVILLE
78,HOLLAND
78,FAIRFAX
78,DANVILLE
78,BELMONT
78,NORWALK
78,BRIDGEPORT
78,SANTA CLARA
78,MANCHESTER
78,MOUNT PLEASANT
78,DECATUR
78,COSTA MESA
78,ROYAL OAK
78,POMONA
78,DURHAM
78,OXFORD
78,BLOOMFIELD
77,LEESBURG
77,PALM BEACH GARDENS
77,GERMANTOWN
77,KIRKLAND
77,SANTA BARBARA
77,CAMDEN
77,WORCESTER
77,AUGUSTA
77,SUNRISE
77,BEAVERTON
77,WHITE PLAINS
77,SUGAR LAND
77,HARRISON
77,MOBILE
77,CARY
77,BRIGHTON
77,DRAPER
77,WALLINGFORD
77,DAVENPORT
77,POMPANO BEACH
77,SCHAUMBURG
77,CORAL GABLES
77,GARDENA
77,MISSION
77,FAYETTEVILLE
77,ERIE
77,SOUTH SAN FRANCISCO
77,WOODBRIDGE
77,TEMPE
77,TALLAHASSEE
77,LAWRENCE
77,WOODSTOCK
77,GARDEN CITY
77,NORTH CHARLESTON
77,REDDING
77,DULUTH
77,TYLER
77,WOBURN
77,NEWPORT BEACH
77,TRENTON
77,DELRAY BEACH
77,DUBLIN
77,ANN ARBOR
77,FISHERS
77,BROKEN ARROW
77,OVERLAND PARK
77,PROVIDENCE
77,SAINT JOSEPH
77,GREENWOOD
77,CORONA
76,DALTON
76,RICHLAND
76,CHANTILLY
76,RANCHO CUCAMONGA
76,UTICA
76,SANTA FE SPRINGS
76,SUNNYVALE
76,OLYMPIA
76,STUART
76,WILSONVILLE
76,SEDALIA
76,NEWTON
76,EVERETT
76,CHINO
76,NEW HAVEN
76,PUEBLO
76,BROOKFIELD
76,BEAUMONT
76,NORTH HOLLYWOOD
76,COEUR D ALENE
76,TOLEDO
76,CHANDLER
76,GLASTONBURY
76,ROANOKE
76,COMMERCE
76,IDAHO FALLS
76,FARMINGDALE
76,AUBURN HILLS
76,FAIRFIELD
76,SHERMAN
76,MCKINNEY
76,SKOKIE
76,JUPITER
76,WACO
76,WALTHAM
76,WESTFIELD
76,READING
76,ASHEVILLE
76,VIENNA
76,SANTA MARIA
76,WATERBURY
76,SOUTH HOLLAND
76,FENTON
76,PEMBROKE PINES
76,ASHLAND
76,FULLERTON
76,BEDFORD
76,BRANDON
76,SAN RAMON
76,MIAMI LAKES
76,FREEPORT
76,MIDLOTHIAN
76,ATHENS
76,ROSWELL
76,MIAMI BEACH
76,ALAMEDA
76,EVANSVILLE
76,EL CAJON
76,PEMBROKE
76,BOISE
76,ADDISON
76,PEACHTREE CORNERS
76,GRAND PRAIRIE
75,OCEANSIDE
75,DARIEN
75,SHELBY TOWNSHIP
75,CHARLOTTESVILLE
75,CERRITOS
75,LAKELAND
75,LAREDO
75,DANVERS
75,CONWAY
75,GREAT NECK
75,TUSCALOOSA
75,STERLING
75,FRISCO
75,ARVADA
75,CLACKAMAS
75,TEMECULA
75,NORCROSS
75,CLERMONT
75,CRANSTON
75,MIDDLETOWN
75,BLUE BELL
75,OREM
75,GEORGETOWN
75,JOHNSTON
75,LEWISTON
75,BRADENTON
75,LAGUNA HILLS
75,HOUMA
75,BUENA PARK
75,NEWTOWN SQUARE
75,TAYLOR
75,MEDFORD
75,SOUTHLAKE
75,COVINGTON
75,KENNESAW
75,REDMOND
75,SHERMAN OAKS
75,HUNTINGTON
75,NORTHRIDGE
75,BURBANK
75,RANDOLPH
75,YAKIMA
75,FARGO
75,CLARKSVILLE
75,LOMBARD
75,HAUPPAUGE
75,HOWELL
75,ESCONDIDO
75,SAN BERNARDINO
75,MCALLEN
75,NEWBURGH
75,CARSON
75,VERNON
75,CUMMING
75,BANGOR
75,ANNAPOLIS
75,HARVEY
75,NEWPORT NEWS
75,SPOKANE VALLEY
75,HOMESTEAD
75,CLIFTON
75,CAMBRIDGE
75,CULVER CITY
75,WEST HARTFORD
75,TOPEKA
75,CONROE
75,PRESCOTT
75,VINELAND
75,NORTH BRUNSWICK
75,PUYALLUP
75,UPLAND
75,TUSTIN
75,SCHENECTADY
75,VERO BEACH
75,MILTON
75,SANDY
75,LOVELAND
75,BOZEMAN
75,TRAVERSE CITY
75,SNOHOMISH
75,WEST SACRAMENTO
75,MANSFIELD
75,NEW ROCHELLE
75,WILLIAMSBURG
75,BETHESDA
75,LAKE WORTH
75,BENTONVILLE
75,LEWISVILLE
75,MILPITAS
75,PLEASANTON
75,ARCADIA
75,FARMINGTON HILLS
75,SAN JUAN
75,VAN NUYS
75,HILLIARD
75,HAMILTON
75,GARDEN GROVE
75,NILES
75,HILLSBORO
75,JOLIET
75,LONGVIEW
75,MASON
75,LAUREL
75,HAMBURG
75,KENNEWICK
75,WEBSTER
75,BERKELEY
75,WATERTOWN
75,MONTCLAIR
75,SHAWNEE
75,VENTURA
75,SAN RAFAEL
75,CAPE CORAL
75,SAN LEANDRO
75,MYRTLE BEACH
75,ANDOVER
75,NORRISTOWN
75,HYATTSVILLE
75,SCRANTON
75,RAPID CITY
75,MABLETON
75,LAKE CHARLES
75,SALINAS
75,LAWRENCEVILLE
74,INDIAN TRAIL
74,MORRISTOWN
74,HERNDON
74,ALTAMONTE SPRINGS
74,MC LEAN
74,HELENA
74,ELK GROVE VILLAGE
74,BROOMFIELD
74,SIOUX CITY
74,NEW HYDE PARK
74,HENDERSONVILLE
74,COPPELL
74,SAINT GEORGE
74,ENCINO
74,DORAL
74,MIDDLETON
74,VICTORIA
74,SALISBURY
74,PALO ALTO
74,RESTON
74,ALIQUIPPA
74,JESSUP
74,WOODLAND HILLS
74,CLOVIS
74,ROMULUS
74,SHELBYVILLE
74,CENTRALIA
74,WESTWOOD
74,LONGMONT
74,SOUTH JORDAN
74,MACON
74,ISSAQUAH
74,WINDERMERE
74,ASTORIA
74,BERLIN
74,WEST HOLLYWOOD
74,ELK GROVE
74,WEXFORD
74,ABINGTON
74,EL SEGUNDO
74,STAFFORD
74,WOOSTER
74,BRUNSWICK
74,MANHATTAN
74,MOUNT LAUREL
74,FRANKFORT
74,OAK BROOK
74,BEAUFORT
74,CUYAHOGA FALLS
74,MORGAN HILL
74,ELKTON
74,FLANDERS
74,NEW BRAUNFELS
74,TUCKER
74,NEW BERN
74,CHERRY HILL
74,MIRAMAR
74,LA JOLLA
74,ROGERS
74,LANSING
74,CARLSBAD
74,INDEPENDENCE
74,BINGHAMTON
74,GREAT BEND
74,BREA
74,EDMOND
74,FORT SMITH
74,POWAY
74,RACINE
74,WARWICK
74,SOMERSET
74,SANTA FE
74,HICKORY
74,WHEELING
74,LAGRANGE
74,MAGNOLIA
74,LOS GATOS
74,COLUMBIA CITY
74,PARMA
74,BRISTOL
74,MOUNTAIN VIEW
74,WATSONVILLE
74,ST. LOUIS
74,LINDEN
74,CEDAR PARK
74,GILLETTE
74,MURRIETA
74,CHULA VISTA
74,ISLANDIA
74,PALATINE
74,RANCHO CORDOVA
74,BOYNTON BEACH
74,PORT WASHINGTON
74,ORMOND BEACH
74,KINGSFORD
74,PARIS
74,UNIONTOWN
74,LOWELL
74,DES MOINES
74,MERIDIAN
74,NEW WINDSOR
74,HACKENSACK
74,CHEYENNE
74,HATTIESBURG
74,HANFORD
74,COVINA
74,LENEXA
74,APPLETON
74,RED BANK
74,CHESTERFIELD
74,BROUSSARD
74,WAYNE
74,MONTEREY
74,CHESTER
74,BLUE ASH
74,VENICE
74,OCALA
74,KATY
74,AVONDALE
74,LYNNWOOD
74,WESTMINSTER
74,EAU CLAIRE
74,KAILUA KONA
74,MARSHALL
74,NORTH LAS VEGAS
74,GRAPEVINE
74,ROUND ROCK
74,CARROLLTON
74,BELLINGHAM
74,MASPETH
74,NORTH HAVEN
74,VALENCIA
74,RANCHO SANTA MARGARITA
74,CAGUAS
74,POUGHKEEPSIE
74,WICHITA FALLS
74,PETALUMA
74,BARRINGTON
74,MARION
74,BOWLING GREEN
74,LANGHORNE
74,NAPA
74,CHATSWORTH
74,REDLANDS
74,LARGO
74,MECHANICSBURG
74,QUEENSBURY
74,WAKEFIELD
74,RIVERTON
74,SAINT PETERSBURG
74,AMARILLO
74,LAS CRUCES
74,HIGH POINT
74,BEACHWOOD
74,CHESAPEAKE
74,BLOOMFIELD HILLS
74,LOGAN
74,WINTERS
74,FOLSOM
74,BROCKTON
74,HUNTINGTON STATION
74,SALINA
74,SCARSDALE
74,ESSINGTON
74,REDWOOD CITY
74,TOWSON
74,COMMERCE CITY
74,UNION CITY
74,DEERFIELD BEACH
73,KAPOLEI
73,MONROEVILLE
73,LIVINGSTON
73,SHELTON
73,FALL RIVER
73,JONESBORO
73,HAGERSTOWN
73,NORTH ROYALTON
73,PORTAGE
73,OREGON CITY
73,PROVO
73,KISSIMMEE
73,EAST HANOVER
73,GLENVIEW
73,WIXOM
73,ROCKY HILL
73,POOLER
73,FRASER
73,EL DORADO HILLS
73,GALT
73,OAKLAND PARK
73,CANON CITY
73,CALABASAS
73,SOUTH SAINT PAUL
73,FAIRHOPE
73,ORLEANS
73,MANHEIM
73,EVANSTON
73,ROME
73,MUNCIE
73,APOPKA
73,MINDEN
73,WILLOW GROVE
73,THOMASVILLE
73,PALM HARBOR
73,EDGEWOOD
73,CLAYTON
73,MISSOULA
73,LOS ALTOS
73,BRIDGEVILLE
73,MURRYSVILLE
73,CAROLINA
73,DENTON
73,GUAYNABO
73,WEST MONROE
73,WINDSOR
73,MORTON GROVE
73,MENLO PARK
73,WESTERVILLE
73,OAKWOOD
73,CASTLE ROCK
73,CASPER
73,CALHOUN
73,FREDERICKSBURG
73,KILGORE
73,PACIFIC
73,WENATCHEE
73,SONORA
73,AVENTURA
73,GRAND JUNCTION
73,KELLER
73,SPARTA
73,COLLEGE STATION
73,ACTON
73,MARYLAND HEIGHTS
73,HINGHAM
73,JANESVILLE
73,EAST PROVIDENCE
73,LAKE JACKSON
73,PLAINVIEW
73,BLACKSBURG
73,WEST DES MOINES
73,MERRILLVILLE
73,KETCHUM
73,DEERFIELD
73,PITTSFIELD
73,SUWANEE
73,WISCONSIN DELLS
73,HIGHLANDS RANCH
73,WESTLAND
73,BELTON
73,ROSELLE
73,YOUNGSTOWN
73,BAY CITY
73,BALDWIN
73,LAYTON
73,EMERYVILLE
73,YONKERS
73,UPPER MARLBORO
73,NORMAN
73,BROWNSVILLE
73,STEVENSVILLE
73,CLAREMORE
73,SIGNAL HILL
73,RIDGEFIELD
73,SCHILLER PARK
73,AIEA
73,DES PLAINES
73,CAPE GIRARDEAU
73,CORDOVA
73,NORTHFIELD
73,FLINT
73,TEMPLE
73,JAMESTOWN
73,WOODSIDE
73,NEW BRITAIN
73,MANKATO
73,NEDERLAND
73,PISCATAWAY
73,COLFAX
73,MUSCLE SHOALS
73,COLCHESTER
73,WOODLAND
73,BYRON CENTER
73,NORTH CHESTERFIELD
73,SHREWSBURY
73,GLENWOOD
73,LIMA
73,HAMMOND
73,MOUNT AIRY
73,DOUGLAS
73,CALDWELL
73,WESTON
73,WESTLAKE VILLAGE
73,EXTON
73,ITHACA
73,KINGSPORT
73,HANOVER
73,SPANISH FORK
73,FEASTERVILLE TREVOSE
73,HUDSONVILLE
73,SOUTH EASTON
73,SACO
73,CORALVILLE
73,SONOMA
73,GRANBURY
73,SAGINAW
73,BAY SHORE
73,OAK LAWN
73,ELMHURST
73,WEST COLUMBIA
73,DAYTONA BEACH
73,WEST SPRINGFIELD
73,AZUSA
73,PLAINFIELD
73,MIDVALE
73,PASSAIC
73,FORT WASHINGTON
73,HACKETTSTOWN
73,PEABODY
73,SULPHUR SPRINGS
73,HUNTERSVILLE
73,CHEEKTOWAGA
73,GRAYSLAKE
73,NEW CARLISLE
73,WHITTIER
73,ENFIELD
73,BATTLE CREEK
73,ELLICOTT CITY
73,TERRE HAUTE
73,FAIRBANKS
73,SYOSSET
73,MASSAPEQUA
73,MARYVILLE
73,HOLBROOK
73,MANITOWOC
73,EASTON
73,HUMBLE
73,SPARTANBURG
73,ROCKWALL
73,NEW CASTLE
73,THOUSAND OAKS
73,NORTH MIAMI BEACH
73,WEST FARGO
73,HAMMONTON
73,BISMARCK
73,ALISO VIEJO
73,ATLANTIC BEACH
73,ROCK HILL
73,HILTON HEAD ISLAND
73,BROOKLINE
73,WAKE FOREST
73,CORTLAND
73,RED WING
73,LEES SUMMIT
73,WAUKEGAN
73,SMYRNA
73,NEW ALBANY
73,PONTE VEDRA BEACH
73,STATE COLLEGE
73,SAINT CLOUD
73,GLEN BURNIE
73,TUALATIN
73,NICHOLASVILLE
73,BRENHAM
73,EUREKA
73,ELKHORN
73,ALTOONA
73,HEMPSTEAD
73,WILDWOOD
73,PHARR
73,WALNUT CREEK
73,MISSION VIEJO
73,DELAWARE
73,CENTENNIAL
73,LIBERTYVILLE
73,NORTH SMITHFIELD
73,TUKWILA
73,INGLEWOOD
73,MARSHFIELD
73,STOUGHTON
73,LANSDALE
73,DEER PARK
73,CHEVY CHASE
73,RICHFIELD
73,GRIFFIN
73,EVANS
73,PEARLAND
73,MILILANI
73,WINCHESTER
73,NORTHVALE
73,MARYSVILLE
73,MORGANTOWN
73,HATFIELD
73,ENCINITAS
73,PLATTSBURGH
73,LATHAM
73,WINTER PARK
73,WILLIAMSVILLE
73,DALHART
73,OWOSSO
73,BROOKHAVEN
73,SANTA CLARITA
73,NEWPORT
73,CHILLICOTHE
73,OAK PARK
73,BONITA SPRINGS
73,HAMPTON
73,ARLINGTON HEIGHTS
73,PLANT CITY
73,TEANECK
73,SOUTHAVEN
73,MODESTO
73,SEASIDE
73,SOUTH GATE
73,BENSENVILLE
73,NORTH SALT LAKE
73,JEFFERSON CITY
73,HAWTHORNE
73,ROCKY MOUNT
73,MCMINNVILLE
73,TRACY
73,AMHERST
73,DICKINSON
73,NOVATO
73,GREENFIELD
73,ZEELAND
73,GARLAND
73,GREENWOOD VILLAGE
73,ST LOUIS
73,LA CROSSE
73,RICHARDSON
72,PASCO
72,LINTHICUM HEIGHTS
72,SELLERSBURG
72,WILBRAHAM
72,ELMWOOD PARK
72,STANHOPE
72,MEDINA
72,WEST COVINA
72,MIAMISBURG
72,EAST RUTHERFORD
72,FOLCROFT
72,LAKE CITY
72,WINDHAM
72,COMMACK
72,SPRING HILL
72,WOODBURY
72,SOUTHFIELD
72,OXNARD
72,FOSTER CITY
72,YUCAIPA
72,ELMER
72,REDONDO BEACH
72,FORT MYERS BEACH
72,TULARE
72,JENKINTOWN
72,CLAREMONT
72,PASCAGOULA
72,LAKE GENEVA
72,SEAL BEACH
72,LIBERTY
72,TOPSFIELD
72,ANTIOCH
72,BETHLEHEM
72,OAKDALE
72,NEW CITY
72,BOHEMIA
72,ESSEX
72,SANTA PAULA
72,THE WOODLANDS
72,CALISTOGA
72,EFFINGHAM
72,CANONSBURG
72,WATCHUNG
72,LAKE STEVENS
72,CRYSTAL LAKE
72,CEDAR FALLS
72,SHELBY TWP
72,HIAWATHA
72,PASO ROBLES
72,LINDENHURST
72,BESSEMER
72,BLACKFOOT
72,CARTERSVILLE
72,HERMITAGE
72,EATONTON
72,SOUTHAMPTON
72,EUSTIS
72,HARMONY
72,WOODINVILLE
72,PENNSAUKEN
72,PATCHOGUE
72,CONKLIN
72,NANUET
72,COOKEVILLE
72,MINOT
72,PALM DESERT
72,NEW BRUNSWICK
72,JEFFERSON
72,EXETER
72,GOLETA
72,KIMBERLY
72,COLTON
72,MERCED
72,RONKONKOMA
72,SOUTHINGTON
72,BAYAMON
72,DICKSON
72,PICO RIVERA
72,THORNTON
72,GALLATIN
72,SAUSALITO
72,WATKINSVILLE
72,UNION
72,NAMPA
72,KLAMATH FALLS
72,GLEN ALLEN
72,WASILLA
72,PINE BROOK
72,HOLYOKE
72,MARTINSVILLE
72,HICKSVILLE
72,PORT HURON
72,CROWN POINT
72,ST. PETERSBURG
72,FT LAUDERDALE
72,BOSSIER CITY
72,PARKVILLE
72,POPLAR BLUFF
72,RUSSELLVILLE
72,GORDONVILLE
72,TWINSBURG
72,WILLINGBORO
72,NORTH CANTON
72,MAYFIELD
72,FOLEY
72,LAMAR
72,TEWKSBURY
72,ALAMO
72,HASTINGS
72,GREER
72,LA PORTE
72,MURFREESBORO
72,WAXAHACHIE
72,GREAT FALLS
72,WALLED LAKE
72,POWHATAN
72,BRICK
72,PALMETTO
72,MAHWAH
72,TIFTON
72,ASPEN
72,BINGHAM FARMS
72,LYNCHBURG
72,BAXTER
72,TEXARKANA
72,SARATOGA SPRINGS
72,KEENESBURG
72,DELAFIELD
72,LAWTON
72,SOLON
72,WESTFORD
72,KEY LARGO
72,KINGSTON
72,VICTORVILLE
72,SEWICKLEY
72,GREAT BARRINGTON
72,BERKLEY
72,MAUSTON
72,HERNANDO
72,HENRICO
72,ELVERSON
72,WATERFORD
72,SAINT MICHAEL
72,UKIAH
72,AGOURA HILLS
72,WESTLAKE
72,HILLSBOROUGH
72,BURLEY
72,PARKER
72,MORRIS
72,OCONOMOWOC
72,SUMNER
72,FLOWER MOUND
72,CLOSTER
72,BOYCE
72,MALDEN
72,HARBOR SPRINGS
72,DENISON
72,PARK RIDGE
72,KAUFMAN
72,PLAINVILLE
72,BELLEVILLE
72,CHARLESTOWN
72,BOTHELL
72,HALTOM CITY
72,BENTON HARBOR
72,FARMERS BRANCH
72,SOLANA BEACH
72,IRONDALE
72,LAKEVILLE
72,SAN GABRIEL
72,PARSIPPANY
72,MEADVILLE
72,VOORHEES
72,KANEOHE
72,SEFFNER
72,SAINT AUGUSTINE
72,WARRENVILLE
72,WAPPINGERS FALLS
72,KINGWOOD
72,NORTH PLAINFIELD
72,KOKOMO
72,CORONADO
72,AIKEN
72,EAST MEADOW
72,PLYMOUTH MEETING
72,FRONT ROYAL
72,CHAMPAIGN
72,VESTAVIA
72,CHINO HILLS
72,WILLIAMS
72,WOODRIDGE
72,NORWOOD
72,ARCHBOLD
72,SAN ANGELO
72,SEYMOUR
72,BALA CYNWYD
72,CLARKS SUMMIT
72,CLIFTON SPRINGS
72,PERRIS
72,NASH
72,AMBLER
72,OWINGS MILLS
72,DIX HILLS
72,FONTANA
72,EMMAUS
72,LISLE
72,FRAMINGHAM
72,CELINA
72,HART
72,BROOKLANDVILLE
72,CHELSEA
72,CINNAMINSON
72,MUNSTER
72,TAKOMA PARK
72,WILLOWBROOK
72,GRAND FORKS
72,VERONA
72,HOCKESSIN
72,SIDNEY
72,PRESCOTT VALLEY
72,BEAR
72,ARDEN HILLS
72,TOLLESON
72,MOONACHIE
72,BECKER
72,LYNDEN
72,LODI
72,MARGATE
72,HYDE PARK
72,TERRYVILLE
72,ABILENE
72,JENNINGS
72,MANASSAS PARK
72,NORCO
72,NANTUCKET
72,NEPTUNE
72,OPELOUSAS
72,CUMBERLAND
72,EDGERTON
72,BARTLETT
72,KEARNEY
72,MARTINEZ
72,SAPULPA
72,EL DORADO
72,DOTHAN
72,ITASCA
72,DRIPPING SPRINGS
72,BELLVILLE
72,KALAMAZOO
72,EAST ROCHESTER
72,PARK CITY
72,WILLIAMSPORT
72,LEWISBURG
72,RIDGELAND
72,RAMSEY
72,MAITLAND
72,BARNEGAT
72,ELMIRA
72,TONAWANDA
72,PUNTA GORDA
72,CRESTWOOD
72,WYNNEWOOD
72,ORANGE PARK
72,MORENO VALLEY
72,BRIDGEVIEW
72,BELLE CHASSE
72,BAYTOWN
72,CEDAR HILL
72,ROCHESTER HILLS
72,SPRING VALLEY
72,LAKE OSWEGO
72,LONGWOOD
72,FERTILE
72,BRANSON
72,WEST VALLEY CITY
72,WEST LIBERTY
72,HILLSDALE
72,INDIO
72,WHITSETT
72,MIDDLE VILLAGE
72,DERRY
72,BURR RIDGE
72,TILTON
72,MEQUON
72,WAIPAHU
72,SELLERSVILLE
72,WAVERLY
72,SHALLOTTE
72,DURANGO
72,LANHAM
72,GASTONIA
72,RIDGEWOOD
72,PACOIMA
72,ROCKLIN
72,PEARL
72,HAZLET
72,COLLEGEVILLE
72,STUDIO CITY
72,GROVE CITY
72,HORSESHOE BAY
72,GRAND ISLAND
72,THE DALLES
72,GRETNA
72,PONCE
72,GRANDVILLE
72,SCOTTS VALLEY
72,NORTHPORT
72,FITCHBURG
72,TUPELO
72,SAN CARLOS
72,MINEOLA
72,MILLERSVILLE
72,ROY
72,SOUTHBOROUGH
72,WAILUKU
72,PARKERSBURG
72,WAREHAM
72,TARRYTOWN
72,HALETHORPE
72,MADISON HEIGHTS
72,GROTON
72,COLDWATER
72,DUNCAN
72,KENNER
72,BOLINGBROOK
72,BRIDGETON
72,ROSEMONT
72,DENHAM SPRINGS
72,FAIRFAX STATION
72,ONEONTA
72,BURLESON
72,CLEARFIELD
72,GROESBECK
72,SAN DIMAS
72,APEX
72,MOCKSVILLE
72,HARRISON TOWNSHIP
72,CURTIS BAY
72,CALEXICO
72,GRESHAM
72,LYNWOOD
72,FORT MILL
72,VALPARAISO
72,EDEN PRAIRIE
72,ROSLYN HEIGHTS
72,NEW BERLIN
72,QUINCY
72,COMSTOCK PARK
72,CIRCLEVILLE
72,COMPTON
72,MONROE TOWNSHIP
72,MORGANTON
72,CAMPBELL
72,FALLS CHURCH
72,DEXTER
72,SULPHUR
72,SAINT CLAIR SHORES
72,ALLISON PARK
72,DEARBORN
72,WAUCONDA
72,PITTSBURG
72,SANFORD
72,CRANBURY
72,FALMOUTH
72,CARPINTERIA
72,POWELL
72,CATANO
72,STANLEY
72,OWATONNA
72,OSHKOSH
72,QUEENS VILLAGE
72,MCKEESPORT
72,BENSALEM
72,ROLLING MEADOWS
72,ANOKA
72,SIMI VALLEY
72,TILLAMOOK
72,MARINA DEL REY
72,HAMDEN
72,DEDEDO
72,MOUNT CARMEL
72,ABINGDON
72,PRIOR LAKE
72,BURLINGAME
72,COLMAR
72,JAMAICA PLAIN
72,FREELAND
72,NOGALES
72,SADDLE BROOK
72,MALVERN
72,COMMERCE TOWNSHIP
72,CONSHOHOCKEN
72,NORTH DARTMOUTH
72,MERIDEN
72,EAST BRUNSWICK
72,SOMERSWORTH
72,FORT PIERCE
72,MORRISVILLE
72,EMPORIA
72,MONTPELIER
72,PARAMOUNT
72,LACONIA
72,WATERLOO
72,ALTAMONT
72,CORONA DEL MAR
72,ELKHART
72,HOBOKEN
72,ANKENY
72,NORTHBROOK
72,MCDONOUGH
72,WILLOUGHBY
72,ST. THOMAS
72,CORTE MADERA
72,RIVERHEAD
72,WALDEN
72,SHEFFIELD
72,MADERA
72,TARPON SPRINGS
72,BRONXVILLE
72,BATESVILLE
72,MAPLE GROVE
72,KAMUELA
72,ELMA
72,PALM COAST
72,SAIPAN
72,STEAMBOAT SPRINGS
72,NOVI
72,ORANGE BEACH
72,FAIRMONT
72,BUFORD
72,EL CAMPO
72,MACOMB
72,BABYLON
72,TOMBALL
72,ALVA
72,TURLOCK
72,OSCEOLA
72,NORTH LITTLE ROCK
72,FLUSHING
72,SANDWICH
72,BENTON
72,RAYNHAM
72,WEATHERFORD
72,RIPON
72,SNEADS FERRY
72,TRUCKEE
72,WAYNESBORO
72,OPA LOCKA
72,PLEASANT HILL
72,GREELEY
72,GREENSBURG
72,RANCHO DOMINGUEZ
72,WARNER ROBINS
72,ELLENSBURG
72,SEGUIN
72,ALTADENA
72,GLENDORA
72,BLUFFTON
72,POMPTON PLAINS
72,YORBA LINDA
72,NIAGARA FALLS
72,WAUSAU
72,BRAINERD
72,DANBURY
72,CANDLER
72,BAINBRIDGE ISLAND
72,SHOREWOOD
72,DULLES
72,MUSKEGON
72,SPRINGDALE
72,VOLO
72,LUTZ
72,NEW BEDFORD
72,WISCONSIN RAPIDS
72,JURUPA VALLEY
72,NORTH HIGHLANDS
72,WEST JORDAN
72,BEVERLY
72,CENTER
72,VISTA
72,HOMER
72,NORTH BERGEN
72,GREENBELT
72,GRAND BLANC
72,WHITEHALL
72,WINTER HAVEN
72,GADSDEN
72,SNELLVILLE
72,AMSTERDAM
72,CAPITOLA
72,WELLESLEY
72,AUDUBON
72,ALBEMARLE
72,WESTBOROUGH
72,GAHANNA
72,COTTONWOOD
72,WALPOLE
72,HAVERHILL
72,ERLANGER
72,STILLWATER
72,CHESTER SPRINGS
72,JASPER
72,CORVALLIS
72,WILDER
72,KALISPELL
72,SARALAND
72,ARDEN
72,TAMARAC
72,RIVERDALE
72,WEST HAVEN
72,DORCHESTER
72,NORMAL
72,NATIONAL CITY
72,WEST POINT
72,CORAL SPRINGS
72,FLORISSANT
72,MONTROSE
72,ATTLEBORO
72,BALLSTON SPA
72,LA JUNTA
72,BRANFORD
72,PULASKI
72,EDGEWATER
72,UHRICHSVILLE
72,LAKE HAVASU CITY
72,ELKRIDGE
72,MORRIS PLAINS
72,NORTON
72,PLEASANTVILLE
72,TAMUNING
72,LOCKPORT
72,MOUNTAIN BRK
72,SYLVANIA
72,CHANNELVIEW
72,KENNETT SQUARE
72,BANNOCKBURN
72,NEWTOWN
72,CANANDAIGUA
72,FALLBROOK
72,VICTOR
72,TRINIDAD
72,HOLDREGE
72,PERRYSBURG
72,CHAMBERSBURG
72,MOORESTOWN
72,CARLISLE
72,LENOX
72,PIGEON FORGE
71,LOCUST VALLEY
71,EAST PITTSBURGH
71,FAIRBORN
71,CHESTNUT HILL
71,MILLERSPORT
71,EAST PETERSBURG
71,EUNICE
71,LITTLE RIVER
71,LORETTO
71,STERLING HTS
71,CHURCHVILLE
71,CUDAHY
71,FT OGLETHORPE
71,MILLEDGEVILLE
71,CORDELL
71,BRASELTON
71,DEL RIO
71,SOUTH DAYTONA
71,BEREA
71,IRRIGON
71,PALOS HEIGHTS
71,UNITY
71,ESSEX JUNCTION
71,CONNELLSVILLE
71,ARMONK
71,MARTINS FERRY
71,ELLIOTTSBURG
71,PORT CLINTON
71,LIBERTY HILL
71,CLIVE
71,CREAMERY
71,BONNER SPRINGS
71,LADY LAKE
71,LAKE BLUFF
71,GRANTS
71,EAST SYRACUSE
71,HUNTINGDON VALLEY
71,COACHELLA
71,MULBERRY
71,CRETE
71,OCEAN CITY
71,MARCELINE
71,SELAH
71,WESTBURY
71,CENTRE
71,EASTPORT
71,LIC
71,BELGRADE
71,GLENROCK
71,KEARNY
71,BALLY
71,HARROGATE
71,ESCALANTE
71,CASS CITY
71,OSWEGO
71,STEVENS POINT
71,MONTOURSVILLE
71,LAGUNA NIGEL
71,BROAD BROOK
71,BROKEN BOW
71,WALHALLA
71,MOUNTAINSIDE
71,BROWNSBURG
71,STATESVILLE
71,COCKEYSVILLE
71,WILKESBORO
71,MORAINE
71,BOYNE CITY
71,BLOOMSBURG
71,JACKSON TOWNSHIP
71,ANACORTES
71,LITHIA SPRINGS
71,WAYZATA
71,GRASS VALLEY
71,OMAK
71,MABANK
71,SMITHTON
71,HUNTINGDON
71,STARKVILLE
71,FORDYCE
71,OGDENSBURG
71,JERICHO
71,FESTUS
71,PAWTUCKET
71,EAST WENATCHEE
71,PEPPERELL
71,KAHULUI
71,AZLE
71,MELROSE PARK
71,KAILUA
71,VIRGINIA
71,RIVERBANK
71,MARLBOROUGH
71,LOXLEY
71,CHASE CITY
71,NAVARRE
71,BETHPAGE
71,GROSSE POINTE FARMS
71,CAMILLA
71,PALMYRA
71,VON ORMY
71,LAKE BUTLER
71,TUMWATER
71,MERRITT ISLAND
71,ALDEN
71,THE FORKS
71,SANDY HOOK
71,SUQUAMISH
71,HOLLADAY
71,BORDENTOWN
71,ALBION
71,BRIDGEWATER
71,FRANKENMUTH
71,ALSIP
71,MIAMI  LAKES
71,ROYAL OAKS
71,CORINTH
71,CASSELBERRY
71,EAGAN
71,CANYON
71,SHAWANO
71,NEWHALL
71,GASSAWAY
71,CHEROKEE
71,COOPERSVILLE
71,SWAMPSCOTT
71,ROCKPORT
71,ISELIN
71,POINT PLEASANT
71,FORTUNA
71,CONCORDIA
71,MOULTON
71,NORTH WEYMOUTH
71,WATERBURY CENTER
71,TAHOKA
71,HULL
71,RENTON
71,PIKESVILLE
71,BALLWIN
71,WESTMONT
71,REYNOLDSBURG
71,HEDGESVILLE
71,SANDERSVILLE
71,LUSBY
71,WALDORF
71,SALYERSVILLE
71,NORTH MIAMI
71,LECOMPTE
71,LATONIA
71,EBENSBURG
71,EAGLE
71,EAST LIVERPOOL
71,SAN ANSELMO
71,RANCHO MIRAGE
71,HERREID
71,ALEDO
71,LITHONIA
71,BAZINE
71,ROYSE CITY
71,HOLLAND PATENT
71,PAULS VALLEY
71,CRAIG
71,STRATFORD
71,LIVONIA
71,GILROY
71,WEST BRANCH
71,CARMICHAEL
71,SUNNY ISLES BEACH
71,PRYOR
71,GARDINER
71,HORTON
71,WRIGHTSVILLE
71,WOODWAY
71,LOCHGELLY
71,CAPE MAY
71,FAIRLAWN
71,CLAYSVILLE
71,CORAOPOLIS
71,SALAMANCA
71,PISMO BEACH
71,NORTH LIBERTY
71,SUNMAN
71,OLD SAYBROOK
71,SARTELL
71,PENNDEL
71,RIVERVALE
71,DOWNERS GROVE
71,BLAIRSVILLE
71,WILMETTE
71,OCEAN BEACH
71,GURABO
71,YATES CENTER
71,ROBBINSVILLE
71,NEW HOLLAND
71,GREENCASTLE
71,CHOWCHILLA
71,DEFIANCE
71,HINTON
71,SOUTH HADLEY
71,RIO GRANDE CITY
71,WINTER SPRINGS
71,COLLINSVILLE
71,WILLITS
71,BASKING RIDGE
71,RICHTON
71,BLACK EAGLE
71,ORANGEBURG
71,BRECKSVILLE
71,CORNISH
71,MAPLEWOOD
71,STOCKBRIDGE
71,SAND CITY
71,MIDDLEBORO
71,SLIDELL
71,LAUDERHILL
71,GOLROY
71,JUSTICE
71,ADEL
71,CEDAR VALLEY
71,NORWICH
71,GLADWYNE
71,MIDDLE RIVER
71,MIFFLINTOWN
71,LOCKBOURNE
71,PITTSTON
71,MALONE
71,HOPKINTON
71,OJAI
71,MINNESOTA CITY
71,ROCK RAPIDS
71,WELLS RIVER
71,BUXTON
71,BIG RAPIDS
71,KENNEBUNK
71,EAST HARTFORD
71,NOLENSVILLE
71,SHEBOYGAN
71,SHOW LOW
71,PINEY FLATS
71,NORTH AURORA
71,HOPEWELL
71,ZEBULON
71,RAY
71,APTOS
71,BLISSFIELD
71,MORGANVILLE
71,EAST FALMOUTH
71,WALDWICK
71,CHUCKEY
71,LOMPOC
71,GARNER
71,FRANKLIN PARK
71,COCOA
71,BOALSBURG
71,SUN PRAIRIE
71,PERRYTON
71,KNG OF PRUSSA
71,REPUBLIC
71,AVALON
71,EDINA
71,KALONA
71,MCCOMB
71,NEWBURY
71,SOUTH MIAMI
71,WABASH
71,SWANSEA
71,HONESDALE
71,HOWARD
71,SWANZEY
71,RARITAN
71,BARTONVILLE
71,KINZERS
71,VALLEY COTTAGE
71,MONONA
71,CROSS
71,PLANTSVILLE
71,TOONE
71,CICERO
71,WADENA
71,QUILCENE
71,ANSONIA
71,KERNERSVILLE
71,BILOXI
71,DYERSBURG
71,TOWNSHEND
71,WEST PALM FLORIDA
71,OREFIELD
71,GREENBRIER
71,MIDWAY CITY
71,WAUPUN
71,ALBERT CITY
71,NEW PHILADELPHIA
71,BLOCK ISLAND
71,HUGHSON
71,POTOMAC
71,AMITE
71,ELK CITY
71,HARRISONBURG
71,OCEAN ISLE BEACH
71,BAILEY
71,JOPLIN
71,PITTSBORO
71,SANTAQUIN
71,HAVRE DE GRACE
71,ST. CLAIR
71,CROSSVILLE
71,MAYS LANDING
71,MONETA
71,WAKARUSA
71,CALIFON
71,LONG BRANCH
71,SARATOGA
71,MILTON FREEWATER
71,ARKANSAS CITY
71,EARLVILLE
71,DUNBAR
71,LEOMINSTER
71,HUNTINGTON VALLEY
71,GROSSE ILE
71,ADRIAN
71,RYDER
71,KINSTON
71,SNOQUALMIE
71,CLARKSTON
71,RAHWAY
71,SITKA
71,ELK RIVER
71,MERRICK
71,WEST HARRISON
71,ALTON
71,CARRIZO SPRINGS
71,ROUSES POINT
71,FRUIT HEIGHTS
71,FARMINGVILLE
71,PLATO
71,SOUTHWICK
71,SOUTH LAKE TAHOE
71,PARKER FORD
71,GIBSON CITY
71,THACKERVILLE
71,GLOBE
71,SILVER CREEK
71,CONVERSE
71,CAROL STREAM
71,GARFIELD HEIGHTS
71,LAKE ORION
71,BELTSVILLE
71,SUGAR HILL
71,WOMELSDORF
71,LAKE PLACID
71,WASHINGTON DC
71,RINGGOLD
71,ORCHARD PARK
71,GROVEPORT
71,LEAWOOD
71,VALLEY CENTER
71,GARNET VALLEY
71,MARIA STEIN
71,WALTON
71,DOYLESTOWN
71,BARBERTON
71,WAUSEON
71,SOUTH PLAINFIELD
71,MATTAPOISETT
71,BIG STONE GAP
71,ELKADER
71,LYNDONVILLE
71,EMERSON
71,SPRINGVILLE
71,AUSTELL
71,FT MILL
71,BLAUVELT
71,CHESTERTON
71,WEST CHESTERFIELD
71,LINDON
71,SOUTH ABINGTON TOWNSHIP
71,FOSTER
71,DESHLER
71,ST. AUGUSTINE
71,LAKESIDE
71,MOULTRIE
71,FAIRMOUNT
71,REXBURG
71,ALBERT LEA
71,SAINT JAMES
71,OTTAWA
71,SHILLINGTON
71,SCHWENKSVILLE
71,HOLLIDAYSBURG
71,MILBANK
71,OBERLIN
71,MAYWOOD
71,O FALLON
71,DUNLAP
71,NEPHI
71,MURRAY
71,GULF BREEZE
71,BEDFORD HEIGHTS
71,HOLLISTER
71,MOORPARK
71,LIVE OAK
71,ATKINSON
71,LOS ALAMITOS
71,FORT STOCKTON
71,MEDLEY
71,STEVENSON RANCH
71,POTTSTOWN
71,EAST BOSTON
71,SAINT JOHNS
71,LAGO VISTA
71,KAYCEE
71,MARICOPA
71,LOGANTON
71,OWEGO
71,ST HEDWIG
71,NEENAH
71,MILLVILLE
71,BETHALTO
71,MALIBU
71,ANGOLA
71,NEW SMYRNA BEACH
71,LANETT
71,DALY CITY
71,BREVARD
71,DIMMITT
71,CAMANO ISLAND
71,KING GEORGE
71,COURT SIDE
71,SOUTH EGREMONT
71,DORAVILLE
71,COTTONWOOD HEIGHTS
71,CHAPIN
71,YORKLYN
71,EARTH
71,ROCKLEDGE
71,SOUTH WINDSOR
71,OKEMOS
71,HUTTO
71,VESTAL
71,HANALEI
71,FORT GRATIOT
71,SEWARD
71,CAPE MAY COURT HOUSE
71,KEW GARDENS
71,PECOS
71,IMLER
71,TOWAOC
71,ELLISVILLE
71,LEMOORE
71,AYDEN
71,PRATT
71,NORTHBOROUGH
71,BROWNSTOWN
71,MINT HILL
71,MOUNTAIN PINE
71,ATTLEBORO FALLS
71,MAPLE HEIGHTS
71,CAMBRIA HEIGHTS
71,TEMPLE CITY
71,ST AUGUSTINE
71,UNIONDALE
71,WILLIS
71,NUTLEY
71,SISSETON
71,BONSALL
71,GOLDEN
71,BARTLESVILLE
71,HALEYVILLE
71,KINDER
71,OLDS
71,KENDALL
71,ATASCADERO
71,RATHDRUM
71,NORTON SHORES
71,SOUTH NEW BERLIN
71,MCLEAN
71,SISTERS
71,ST ANTHONY
71,MURPHYS
71,CENTERVILLE
71,OLD BRIDGE
71,INVERNESS
71,MILNER
71,DURANT
71,PRINCETON JUNCTION
71,SUFFOLK
71,WICKENBURG
71,CALERA
71,CRESCO
71,CEDAR KNOLLS
71,MECHANICSVILLE
71,HUNTINGTON PARK
71,LEONARD
71,MANOR
71,WASCO
71,WHEATON
71,KING OF PRUSSIA
71,MALTA
71,BIRD ISLAND
71,ANDALUSIA
71,PETERSBURG
71,SEARCY
71,CEDAR BLUFF
71,PORT HUENEME
71,SCHUYLKILL HAVEN
71,OLYMPIC VALLEY
71,NEW RICHMOND
71,SEBRING
71,WATER VALLEY
71,MONROE TWP
71,ISLE OF PALMS
71,MOUNT HOLLY
71,CONOVER
71,HAMILTON TOWNSHIP
71,WEST JEFFERSON
71,MILLSTONE TOWNSHIP
71,PEORIA HEIGHTS
71,CHADDS FORD
71,NEW HUDSON
71,ARDMORE
71,MURPHYSBORO
71,ENID
71,REIDSVILLE
71,FUQUAY VARINA
71,STEVEN FIELDS
71,BELLMORE
71,WASHIGNTON
71,OCONTO
71,WALCOTT
71,BASALT
71,MONTICELLO
71,FLAGLER BEACH
71,MANTECA
71,NEW BRIGHTON
71,NOWTHEN
71,EAST PEORIA
71,DELANO
71,CRANFORD
71,ROSS
71,WINONA
71,LA SALLE
71,SOUTH CHARLESTON
71,DAVISBURG
71,WHITE LAKE
71,VALLEY VIEW
71,WAYNESVILLE
71,ST FRANCIS
71,EDWARDS
71,MOUNT OLIVE
71,HUOSTON
71,RIVER EDGE
71,PRINEVILLE
71,JUNCOS
71,VAN BUREN
71,VENETIA
71,MARLTON
71,SYCAMORE
71,LOUISBURG
71,ALLIANCE
71,RIVIERA BEACH
71,SWARTZ CREEK
71,CEDAR CITY
71,JENISON
71,MC KEES ROCKS
71,SAFFORD
71,GLYNDON
71,MURPHY
71,ST. PETERSBURGH
71,HILLSIDE
71,IDABEL
71,PLANTERSVILLE
71,SOMERTON
71,ORLAND PARK
71,FARMVILLE
71,PARADISE
71,DETROIT LAKES
71,CLARENCE
71,LA MARQUE
71,BROOKWOOD
71,PRESTONSBURG
71,RADCLIFF
71,ABBOTSFORD
71,DELTA JUNCTION
71,DAVIE
71,LOWVILLE
71,FLEMINGSBURG
71,BRILLION
71,FEDERALSBURG
71,RUTHER GLEN
71,RHOME
71,ALEXANDER CITY
71,CONNELLY SPRINGS
71,GRANITE BAY
71,PIKETON
71,HOMER GLEN
71,ALLENDALE
71,URBANDALE
71,AMERICAN CANYON
71,MUKILTEO
71,POINT PLEASANT BEACH
71,PHIPPSBURG
71,WELLINGTON
71,SELMA
71,ODEM
71,ROSEMEAD
71,PARSIPPANY-TROY HILLS
71,SWANNANOA
71,KITTANNING
71,PECK
71,LEETSDALE
71,CARUTHERS
71,SOUTH PORTLAND
71,SEABROOK
71,SAN BRUNO
71,NORTH FORT MYERS
71,HEWLETT
71,MISHAWAKA
71,PASS CHRISTIAN
71,KERSEY
71,CASA GRANDE
71,BUCYRUS
71,MIDLAND PARK
71,WEST SIMSBURY
71,COTATI
71,GILBERTS
71,WYOMISSING
71,YARMOUTH
71,YOUNGSVILLE
71,PALM SPRINGS
71,WALL TOWNSHIP
71,CARO
71,SUFFERN
71,OXON HILL
71,DIXON
71,FORT MONROE
71,SOUTH BEND
71,HAYS
71,BASTIAN
71,FAIRHAVEN
71,PALOS HILLS
71,MOUNTAIN HOME
71,POTTSVILLE
71,SPRING LK PK
71,FAIRPORT
71,CAMARILLO
71,HARLINGEN
71,LINDALE
71,HILTON
71,HEALDSBURG
71,LONE TREE
71,BALL GROUND
71,MURRELLS INLET
71,SOUTH HACKENSACK
71,EDINBURG
71,NORTH HAMPTON
71,SAUGUS
71,SOUTH HAMILTON
71,MOAB
71,STONE MOUNTAIN
71,WINNETKA
71,FLEMINGTON
71,SILVERDALE
71,ROCKY RIVER
71,YUMA
71,MONROVIA
71,SMITHVILLE
71,SAXTON
71,JUNEAU
71,EVANS CITY
71,SOMERVILLE
71,NORTH AUGUSTA
71,DALE
71,PAWNEE
71,NORTH WALES
71,HESSTON
71,WARRIOR
71,SHELBY
71,SALINE
71,ELM CITY
71,ABBEVILLE
71,OAKLLAND
71,SOUR LAKE
71,DUNCANVILLE
71,SCOTLAND NECK
71,SWEDEDBORO
71,ELLENDALE
71,ASHBURN
71,BEASLEY
71,CORTLANDT MANOR
71,FREEHOLD
71,WEST ORANGE
71,GRANTSVILLE
71,STEELE
71,SAEGERTOWN
71,HASBROUCK HEIGHTS
71,AVONPARK
71,MINNETONKA
71,INMAN
71,CATHEDRAL CITY
71,HOWARD BEACH
71,NEW KENSINGTON
71,SENECA
71,HALLANDALE BEACH
71,IOLA
71,DYER
71,RCHO STA MARG
71,DE PERE
71,NIWOT
71,WALHONDING
71,SCOTT
71,SADDLE RIVER
71,LA HABRA
71,HURST
71,UNION GROVE
71,NEW PORT RICHEY
71,YPSILANTI
71,HIGHLAND PARK
71,ASBURY
71,CLAYMONT
71,FOND DU LAC
71,PAYSON
71,NEW PALTZ
71,BELLWOOD
71,WESTBORO
71,LYNBROOK
71,PALM BAY
71,BROOKLYN CENTER
71,FOUNTAIN RUN
71,KOSCIUSKO
71,WEST LEBANON
71,ST THOMAS
71,TITUSVILLE
71,WINSTON-SALEM
71,NEEDHAM
71,SULLIVAN
71,EPHRATA
71,OVIEDO
71,WOODBURN
71,CENTRAL
71,CHIPLEY
71,RIO OSO
71,SAUNDERSTOWN
71,GUNTERSVILLE
71,STOCKDALE
71,PEWAUKEE
71,BEEVILLE
71,GURNEE
71,LYNN
71,LITTLE FERRY
71,SENOIA
71,ALABASTER
71,BROADVIEW HEIGHTS
71,SPICEWOOD
71,FOGELSVILLE
71,HUTCHINSON
71,COLLEGE POINT
71,FRANKFORD
71,SUN VALLEY
71,IVORYTON
71,PRAIRIE DU SAC
71,BEMIDJI
71,CLARKSBURG
71,STURGEON BAY
71,EASLEY
71,BREMOND
71,WINSTED
71,NICHOLS HILLS
71,BRODHEAD
71,GENEVA
71,LITTLE MOUNTAIN
71,SCARBOROUGH
71,MT. JULIET
71,HUNT VALLEY
71,GLENWOOD LANDING
71,NORTH ATTLEBORO
71,CHESTERBROOK
71,THREE RIVERS
71,SOUTH HOUSTON
71,SOUTH PASADENA
71,PUTNAM
71,DEWEY
71,LA FOLLETTE
71,COUNCIL BLUFFS
71,WARMINSTER
71,MARCELLUS
71,HAZELWOOD
71,FLORIDA
71,CHESANING
71,PENNINGTON
71,MOUNT ORAB
71,TURTLE CREEK
71,GENOA
71,PALMERTON
71,BLACK DIAMOND
71,EAST PALATKA
71,SEMINOLE
71,STILWELL
71,FARWELL
71,BROOKLYN PARK
71,EWING
71,WETHERSFIELD
71,CRESTVIEW
71,GRANTVILLE
71,BRYANT
71,WESTBROOK
71,ALMA
71,BRADFORD
71,FORT FAIRFIELD
71,HO HO KUS
71,ALLEN
71,MEADOWS OF DAN
71,REEDLEY
71,NORTH KINGSTOWN
71,CALVERTON
71,MAPLETON
71,BRUSH PRAIRIE
71,CROSBY
71,OLATHE
71,ROCKWOOD
71,CLAIRFIELD
71,WEST SALEM
71,MAYBROOK
71,PALM BEACH
71,ESPANOLA
71,CHASKA
71,MC BAIN
71,EAST BARRE
71,NOKESVILLE
71,FAIR LAWN
71,FAIRIELD
71,PORTLAN
71,MAMARONECK
71,MATTAWAN
71,BRAWLEY
71,PORT ANGELES
71,PATON
71,EATON RAPIDS
71,CRAWFORDVILLE
71,NORTHEAST HARBOR
71,HAINES CITY
71,EULESS
71,WOODS CROSS
71,SHEFFIELD VILLAGE
71,PLAISTOW
71,HOPKINS
71,NEWKIRK
71,MAHOPAC
71,SUITE K
71,EAGAN MN
71,BLACKWOOD
71,BROOKSVILLE
71,HOOKSETT
71,IMPERIAL
71,SPENCER
71,RYE
71,WHITE HALL
71,WATTERVILLE
71,FAR ROCKAWAY
71,MANATI
71,LOMA LINDA
71,FALCONER
71,KUNA
71,SEEKONK
71,PAOLI
71,PIPERSVILLE
71,PALATKA
71,SEWELL
71,LITCHFIELD
71,NAPPANEE
71,CORTEZ
71,PORT TOWNSEND
71,DUMFRIES
71,VIDALIA
71,ALAMOGORDO
71,EAST PALESTINE
71,HARTLAND
71,SPARKS GLENCOE
71,PACIFIC PALISADES
71,EASTAMPTON
71,BETHEL
71,MARKLE
71,MEADOW VISTA
71,IRON RIVER
71,RELIANCE
71,ORANGE CITY
71,PUUNENE
71,BARROW
71,CAMAS
71,RONAN
71,BARRE
71,CAMERON
71,SOUTHBRIDGE
71,CAYCE
71,LAGUNA NIGUEL
71,JEFFERSONVILLE
71,FLOWERY BRANCH
71,GRIFTON
71,LAKE DALLAS
71,PA 17403
71,SOUTH RICHMOND HILL
71,OAKRIDGE
71,PENDLETON
71,ST GEORGE ISLAND
71,PRINCE FREDERICK
71,SAN JACINTO
71,DILLSBURG
71,MIDDLEBURY
71,HONEOYE
71,WHITE SPRINGS
71,CALLICOON
71,NACOGDOCHES
71,HAVERFORD
71,NEWCASTLE
71,HAYDEN
71,SULLIVAN CITY
71,CROMWELL
71,HUMMELSTOWN
71,NESCONSET
71,MACEDONIA
71,SOUTH YARMOUTH
71,SPERRY
71,SHENANDOAH
71,GREENPORT
71,MEADE
71,SPRINGBORO
71,OHIOPYLE
71,APALACHIN
71,NEW TRIPOLI
71,KANKAKEE
71,EDDYSTONE
71,STONY POINT
71,ASBURY PARK
71,POTEAU
71,NEWBURY PARK
71,ST LOUIS PARK
71,NORTH PALM BEACH
71,HAVERTOWN
71,UPPER SADDLE RIVER
71,JOHNSONVILLE
71,PAGE
71,ROBINSON
71,MCMURRAY
71,HARPSWELL
71,LARKSPUR
71,NEWBURYPORT
71,KENILWORTH
71,EXCELSIOR
71,TANGENT
71,WOLCOTT
71,CLEMSON
71,SHERIDAN
71,MC DONALD
71,COLONIAL HEIGHTS
71,CHEHALIS
71,LA PUENTE
71,LA MIRADA
71,STONE HARBOR
71,TAPPAN
71,PLANTATION
71,SARDIS
71,BAY MINETTE
71,DENMARK
71,ALGONQUIN
71,CLINTONVILLE
71,ALLSTON
71,DUNMORE
71,YUKON
71,MELVILLE
71,COUNTRYSIDE
71,LUVERNE
71,GOSHEN
71,SALT LAKE CTY
71,OTHELLO
71,MIAMISBURG OH
71,DEPTFORD
71,NAZARETH
71,CLINTON TWP.
71,FRONTENAC
71,PITTSFORD
71,BRYAN
71,LEVITTOWN
71,COUSHATTA
71,SCHOFIELD
71,OSTEEN
71,LORTON
71,HESPERIA
71,RENSSELAER
71,AIRMONT
71,FORTY FORT
71,CEDAR GROVE
71,PEMBROKE PARK
71,MANAHAWKIN
71,LAHAINA
71,MAYSVILLE
71,NEWINGTON
71,PARAMUS
71,MORRISON
71,GULF SHORES
71,RIVERVIEW
71,BAYVILLE
71,ARROYO GRANDE
71,HAMTRAMCK
71,AMERICAN FORK
71,SOUTH WINDHAM
71,CIBOLO
71,DU BOIS
71,BURKE
71,GLEN ELLYN
71,MONSEY
71,LEONARDTOWN
71,HURLEY
71,WOODCLIFF LAKE
71,FULDA
71,COLUMBIANA
71,HUGO
71,EDMONDS
71,RUTLAND
71,WALL
71,WEST BERLIN
71,WATERVILLE
71,RED BUD
71,REHOBOTH BEACH
71,MEDIA
71,CEDARTOWN
71,NORTH EASTON
71,FORT MORGAN
71,OTTSVILLE
71,SURFSIDE
71,ENGLEWOOD CLIFFS
71,SOUTH AMBOY
71,DANIA BEACH
71,WAITE PARK
71,CEDARHURST
71,MARRERO
71,SAINT HELENA ISLAND
71,CAVE CREEK
71,RENNER
71,UNION GAP
71,WADLEY
71,ARVERNE
71,BOWIE
71,SANTA CRUZ
71,YAZOO CITY
71,ELSA
71,WALLA WALLA
71,WEST HEMPSTEAD
71,GUYTON
71,KINGFISHER
71,ALTA
71,OAKHURST
71,HAZLETON
71,SAMMAMISH
71,HIDDENITE
71,MAUMEE
71,VACAVILLE
71,CHIEFLAND
71,SAINT ROSE
71,BRATTLEBORO
71,SWEETWATER
71,MILWAUKIE
71,LUFKIN
71,LOS OSOS
71,GROVES
71,PALISADE
71,HURRICANE
71,LILLINGTON
71,LOMITA
71,EASTCHESTER
71,EASTHAMPTON
71,OLMSTED FALLS
71,SAINT ALBANS
71,SIMSBORO
71,MATTITUCK
71,DEBARY
71,HERMISTON
71,EARTH CITY
71,HIGHLAND
71,BELLFLOWER
71,GRAYSVILLE
71,MATTAWA
71,WENDELL
71,SHELL LAKE
71,SHIRLEY
71,CLARENDON HILLS
71,CANOGA PARK
71,LAMBERTVILLE
71,TULLY
71,FARRGUT
71,LANDER
71,SHAFTER
71,INOLA
71,GRAND PRIRIE
71,MONTEVIDEO
71,ROYAL PALM BEACH
71,GAMBRILLS
71,HOPKINSVILLE
71,MONTEBELLO
71,BOX ELDER
71,ARCATA
71,EAST LONGMEADOW
71,HOOVER
71,BOLIVAR
71,LAND O LAKES
71,CANFIELD
71,NEW HOLSTEIN
71,ALBA
71,BELFAIR
71,SICKLERVILLE
71,NIAGARA
71,KIMBALL
71,MUKWONAGO
71,LITTLEFORK
71,LA MESA
71,TWIN BUTTES
71,MARTIN
71,CANYON COUNTRY
71,SWEENY
71,TIFFIN
71,SUSSEX
71,WILLS POINT
71,MIRA LOMA
71,ROLLA
71,LA POINTE
71,N PLAINFIELD
71,AVOCA
71,BLACK EARTH
71,WALNUT
71,MOUND
71,BROCKPORT
71,CRESTED BUTTE
71,HORSHAM
71,OSSINING
71,CALIMESA
71,SUMMIT
71,WELLFLEET
71,HAILEY
71,BERWYN
71,CORPUS CHRITI
71,ALLENTOWN
71,BLADENBORO
71,RUGBY
71,SCHROON LAKE
71,GALVESTON
71,STEPHENS CITY
71,MASSILLON
71,CHICAGOI
71,RIDGECREST
71,DUNKIRK
71,GUANICA
71,MIDDLEBURG HEIGHTS
71,LOGANSPORT
71,GUYMON
71,FAIRVIEW
71,NORTH BILLERICA
71,CLINTON TWP
71,ENNIS
71,QUAKERTOWN
71,CARLSTADT
71,ARKADELPHIA
71,WAUNAKEE
71,HUNTINGTN BCH
71,SAINT MARYS
71,RED LION
71,HAUULA
71,HENDRICKS
71,CHAMPLAIN
71,CHELMSFORD
71,KIHEI
71,AMES
71,AMERICUS
71,OCEAN
71,WAHIAWA
71,BOSQUE FARMS
71,GRAND HAVEN
71,KINGMAN
71,MELBA
71,EAST AMHERST
71,DUNDEE
71,MOUNTLAKE TERRACE
71,ELROY
71,STAUNTON
71,WILKES-BARRE
71,PERU
71,DANIA
71,LAONA
71,RED BOILING SPRINGS
71,SAVOY
71,SEELEY LAKE
71,SCHANBURG
71,WISCASSET
71,WARSAW
71,WEST LAKE HILLS
71,SAYVILLE
71,BEULAH
71,ORCUTT
71,SUMTER
71,NORWELL
71,BURNSVILLE
71,LUTHERVILLE
71,ELDON
71,DEDHAM
71,MACKEYVILLE
71,JONESVILLE
71,MATTESON
71,COLONA
71,RIALTO
71,ROMEOVILLE
71,KINGSBURY
71,TEQUESTA
71,HINESVILLE
71,VAN HORNE
71,ASHEBORO
71,JOHNSON CITY
71,PHELPS
71,SUPERIOR
71,SEDONA
71,MIAMI GARDENS
71,LOS MOLINOS
71,TIMONIUM
71,LAROSE
71,AMORY
71,PLYMPTON
71,LAGUNA HILS
71,MACHESNEY PARK
71,OSAGE BEACH
71,LA GRANGE
71,SHIPPENSBURG
71,NORTH COLLINS
71,EARLY
71,HANOVER TOWNSHIP
71,PALMDALE
71,GALENA
71,PORT ORANGE
71,MOUNT JOY
71,EDWARDSVILLE
71,WHARTON
71,STANTON
71,HANOVER PARK
71,LAKE ZURICH
71,SEA ISLE CITY
71,ELK PARK
71,BELCAMP
71,ROBERTS
71,HIGGINSVILLE
71,GRINNELL
71,MENOMONEE FALLS
71,DRYDEN
71,ABIQUIU
71,WALTERBORO
71,CAMP HILL
71,GORHAM
71,CHOKIO
71,JUNCTION CITY
71,VELMA
71,MOUNT DORA
71,ARTESIA
71,ISLAND PARK
71,ROCKINGHAM
71,CREEDMOOR
71,WEST LONG BRANCH
71,UNIVERSITY PLACE
71,LAURINBURG
71,BREWSTER
71,ODENTON
71,GOLDTHWAITE
71,SPRING CITY
71,HARTSELLE
71,LEMONT
71,LENOIR CITY
71,WEST TISBURY
71,RUSTON
71,DEVON
71,OAKLAND GARDENS
71,ARITON
71,RAINBOW CITY
71,CUSICK
71,PAULSBORO
71,CUT OFF
71,MC KENNEY
71,LITTLE EGG HARBOR TWP
71,WILTON
71,PORT ALLEN
71,MCFARLAND
71,RICHLAND HILLS
71,CATOOSA
71,DUARTE
71,WELLSBURG
71,WYCKOFF
71,SAN AUGUSTINE
71,DEPERE
71,EVERSON
71,METHUEN
71,PEWEE VALLEY
71,CUTCHOGUE
71,FOUR OAKS
71,WOODBINE
71,ST CHARLES
71,MAPLE HTS
71,GLOVERSVILLE
71,NORTH RIDGEVILLE
71,SAUKVILLE
71,EVERGREEN PARK
71,STIGLER
71,WRENTHAM
71,KENLY
71,MITCHELL
71,MOUNT SIANI
71,IRVINGTON
71,HAMEL
71,TOMS RIVER
71,BEDFORD HILLS
71,VISALIA
71,GLADSTONE
71,DONOVAN
71,SAUK RAPIDS
71,OCEANPORT
71,BELLEFONTAINE
71,WEIRTON
71,FEDERAL WAY
71,BATAVIA
71,BERNVILLE
71,ZANESVILLE
71,FORKSVILLE
71,FOSTORIA
71,GUNNISON
71,CORAL SPRINGS FL 33067
71,FOREST HILLS
71,WINTER GARDEN
71,HALEIWA
71,RINCON
71,LEIPSIC
71,SPIRIT LAKE
71,GULFPORT
71,MONMOUTH JUNCTION
71,WYSOX
71,MERRIMACK
71,DERBY
71,ROXBURY CROSSING
71,GRANITE FALLS
71,THOMPSON
71,BRAINTREE
71,MERKEL
71,MIAMI SHORES
71,LEESVILLE
71,VERGENNES
71,MADRID
71,WEST BLOOMFIELD
71,MANALAPAN
71,E. PALO ALTO
71,EAST HELENA
71,TRINITY
71,STONE PARK
71,NEOSHO
71,DECORAH
71,AFTON
71,HARTVILLE
71,OWENSBORO
71,CHESTERTOWN
71,HUDSON OAKS
71,NEWTON UPPER FALLS
71,KUTZTOWN
71,GARDEN CITY PARK
71,TETERBORO
71,NOONAN
71,NIPOMO
71,PLEASANT LAKE
71,VESTAVIA HILLS
71,WATKINS GLEN
71,FRANKSVILLE
71,LAKEWOOD TOWNSHIP
71,MOUND HOUSE
71,ORELAND
71,SHAKOPEE
71,CHALMETTE
71,SAN GERMAN
71,SOUTH ELGIN
71,FURLONG
71,REISTERSTOWN
71,PINOLE
71,HARMANS
71,GREENWICH
71,ROYERSFORD
71,PRESTON
71,KOUNTZE
71,WORTHINGTON
71,CAYUCOS
71,ARENZVILLE
71,SEQUIM
71,CHARLEROI
71,FLOWOOD
71,PRESQUE ISLE
71,AGAT
71,LITTLE SILVER
71,PIKEVILLE
71,ESCANABA
71,HARAHAN
71,YAPHANK
71,WILLMAR
71,NEW FREEDOM
71,NORTH PROVIDENCE
71,ARDSLEY
71,CODY
71,NAVAJO DAM
71,TALKEETNA
71,SUMMERVILLE
71,COHOES
71,CAT SPRING
71,WARE
71,GLENDALE HEIGHTS
71,GYPSUM
71,PINELLAS PARK
71,BILLERICA
71,LAPORTE
71,BECKLEY
71,SHERWOOD
71,GREEN COVE SPRINGS
71,EIGHTY FOUR
71,GARNEILL
71,VILLE PLATTE
71,LONGBOAT KEY
71,CARMEL VALLEY
71,MONACA
71,VLG LOCH LOYD
71,OFFERLE
71,KEMP
71,LILBURN
71,ZEPHYR COVE
71,REGO PARK
71,DALLAS CENTER
71,MISSOURI CITY
71,EAST ISLIP
71,N ANDOVER
71,ST. LOUIS PARK
71,GRASSY BUTTE
71,ROCKLAND
71,NORTH PALM SPRINGS
71,HIALEAH GARDENS
71,CALEDONIA
71,JAMESBURG
71,RIO RANCHO
71,TAMAQUA
71,DISCOVERY BAY
71,WYOMING
71,DOUSMAN
71,WELLSTON
71,MATAWAN
71,ELBERTON
71,CROSS CITY
71,VICI
71,SCHLATER
71,LABELLE
71,LOVES PARK
71,LOGANVILLE
71,MELVINDALE
71,ROWLETT
71,ITTA BENA
71,GALESBURG
71,LUTHER
71,HEREFORD
71,HOPEDALE
71,CLARENCE CENTER
71,WATERMAN
71,COVENTRY TOWNSHIP
71,SPRINGFIELD TOWNSHIP
71,HAYMARKET
71,NORTH PORT
71,DUCK
71,GLOUCESTER
71,WEST WINDSOR
71,KENNSAW
71,FORT LUPTON
71,NEW MILFORD
71,RED OAK
71,INDIANA
71,LAKOTA
71,PELL CITY
71,LIDOR SCHLESINGER
71,COON RAPIDS
71,VIDOR
71,SELINSGROVE
71,DOUGLASSVILLE
71,EAST HAMPTON
71,BRADY
71,ROCHELLE PARK
71,LEMON GROVE
71,WACONIA
71,WEST HAZLETON
71,FLOMATON
71,PURCHASE
71,FLORESVILLE
71,BUTNER
71,DENAIR
71,BETTENDORF
71,MATTHEWS
71,FAIRWAY
71,MENDON
71,LINWOOD
71,KING WILLIAM
71,LADSON
71,ORRVILLE
71,WILLOW PARK
71,ELIZABETH
71,NEW LEBANON
71,ROSENHAYN
71,ESTES PARK
71,AULT
71,FERNLEY
71,LAGRANGEVILLE
71,WEST ALLIS
71,GEISMAR
71,COPIAGUE
71,HOLLIS
71,KINNELON
71,LONDONDERRY
71,DARLINGTON
71,WELCOME
71,CHAFFEE
71,SURPRISE
71,EARLEVILLE
71,PATERSON
71,OLNEY
71,LORAIN
71,GARRISON
71,WAPATO
71,SOUTH PADRE ISLAND
71,MOKENA
71,SCOTTSBLUFF
71,LIMERICK
71,BUCKINGHAM
71,COTTAGE GROVE
71,GEORGE WEST
71,ISLAND LAKE
71,DELAND
71,MOOSE LAKE
71,PAMPA
71,HOT SPRINGS NATIONAL PARK
71,RIO RICO
71,PADUCAH
71,STANTONVILLE
71,HANLEY FALLS
71,JOHNSON
71,HAGATINA
71,LAHASKA
71,NEW CONCORD
71,BIG LAKE
71,MERCER
71,GOLIAD
71,COAL CITY
71,SANTA ISABEL
71,NEW ULM
71,CERES
71,ATCO
71,MANCHESTER CENTER
71,GRAND JCT
71,ELLSWORTH
71,MANISTEE
71,MIAMIM
71,SAINT MICHAELS
71,SANGER
71,PEQUANNOCK
71,PROSSER
71,WEST NYACK
71,LOCUST GROVE
71,ALTO
71,DUBUQUE
71,SPERRYVILLE
71,CRESTVIEW HILLS
71,EL MONTE
71,OAKFIELD
71,LUTHERVILLE TIMONIUM
71,PITTSTOWN
71,RIGBY
71,TINTON FALLS
71,COALVILLE
71,RIDLEY PARK
71,GEYSERVILLE
71,CROTON FALLS
71,WEST LINN
71,WIGGINS
71,ECORSE
71,VANDALIA
71,FOUNTAIN HILLS
71,BALDWIN PARK
71,YATESVILLE
71,PURVIS
71,BLYTHE
71,LOS LUNAS
71,PLAINS
71,TESUQUE
71,RAPID RIVER
71,NEW STRAWN
71,CHESHIRE
71,WILSON
71,MANNING
71,ORRTANA
71,KETTLE FALLS
71,GARDENDALE
71,BROOKINGS
71,WOODWARD
71,MAYFIELD VILLAGE
71,CUSHING
71,CHARDON
71,NORTH ADAMS
71,LATROBE
71,HAM LAKE
71,PRESTON PARK
71,SHEPHERDSVILLE
71,RCH CUCAMONGA
71,WESTPORT
71,DEVINE
71,BEARDSTOWN
71,MADISONVILLE
71,EMMITSBURG
71,COTTONDALE
71,GRANTS PASS
71,ALVIN
71,MASON CITY
71,KAPLAN
71,NEWLAND
71,MONTGOMERYVILLE
71,ARLIINGTON HIEGHTS
71,REDINGTON SHORES
71,HARRIMAN
71,WILKES BARRE
71,JACKSBORO
71,ZIONSVILLE
71,KERRVILLE
71,WAYMART
71,GOLDEN VALLEY
71,BEAVER DAM
71,CHEBOYGAN
71,AGUADILLA
71,DUPO
71,FIFE
71,NORTH CHELMSFORD
71,SF
71,FINLEYVILLE
71,PARK HILLS
71,RICHMOND HILL
71,ISLAMORADA
71,QUEEN CREEK
71,MILLBRAE
71,TORRINGTON
71,FLOURTOWN
71,PALESTINE
71,FARIBAULT
71,FRIEDENS
71,MOUNT HOPE
71,MENIFEE
71,PORT SAINT LUCIE
71,FULTON
71,MOORHEAD
71,FOREST LAKE
71,LOWER BURRELL
71,ACCORD
71,BAKER CITY
71,HAYTI
71,ALCOA
71,NEWNAN
71,SOUTH LYON
71,BERTHOLD
71,ANGELS CAMP
71,NEW CANAAN
71,VALHALLA
71,SAVAGE
71,HEBER
71,LONG GROVE
71,LARNED
71,ROSELLE PARK
71,SOMERS POINT
71,SANDPOINT
71,JOHNSTOWN
71,GLENVILLE
71,RYE BROOK
71,EATONTOWN
71,MOUNTAIN IRON
71,FISHER
71,ALICE
71,MINOOKA
71,SUMMERSVILLE
71,KIRTLAND
71,HINSDALE
71,PROSPECT
71,SN LUIS OBISP
71,PANAMA CITY
71,NASHUA
71,LAKE VIEW
71,CROYDON
71,GUIN
71,MEXIA
71,THIBODAUX
71,VERNAL
71,WEBSTERVILLE
71,DESERT HOT SPRINGS
71,CUBA
71,CAHEDRAL CITY
71,SLIPPERY ROCK
71,MINERAL RIDGE
71,SUNDOWN
71,HIXSON
71,TRAVER
71,OSAGE
71,HATBORO
71,OAKBROOK TERRACE
71,BENSON
71,IPSWICH
71,BERNARDSVILLE
71,PORT JEFFERSON STA
71,MILL CREEK
71,INDIANOLA
71,BUFFALO GROVE
71,WESTVILLE
71,HOSFORD
71,TERRA BELLA
71,VEVAY
71,POCATELLO
71,WORLAND
71,WILLIMANTIC
71,DOLTON
71,LUTHERVILLE-TIMONIUM
71,GREEN BROOK
71,DANIEL ISLAND
71,FORT MADISON
71,PINCKNEY
71,ACWORTH
71,HILO
71,MINERAL WELLS
71,ROCK TAVERN
71,CHICAGO HTS
71,SOUTH FULTON
71,FALLON
71,LISBON FALLS
71,FOREST
71,LEWISTOWN
71,LAKEWOOD RANCH
470,Fuzzy Wuzzy
