id,link,upvotes,posting_datetime,title
1ch4uzx,https://www.reddit.com/r/ProgressionFantasy/comments/1ch4uzx/city_in_the_clouds_audiobook_by_soundbooth/,1,2024-04-30T21:48:04+00:00,City in The Clouds Audiobook by Soundbooth Theater is out now
1ch3dtz,https://www.reddit.com/r/ProgressionFantasy/comments/1ch3dtz/i_love_deckbuilding_games_but_i_suck_at_them/,1,2024-04-30T20:48:40+00:00,"I love deckbuilding games but I suck at them. Anyways, here's my new story."
1ch0zyy,https://www.reddit.com/r/ProgressionFantasy/comments/1ch0zyy/reclaimer_7_heart_of_iron_is_out_now_progression/,1,2024-04-30T19:10:45+00:00,Reclaimer 7: Heart of Iron is out now! - Progression Fantasy with a sci fi twist!
1cgtydh,https://www.reddit.com/r/ProgressionFantasy/comments/1cgtydh/the_swordwing_saga_a_regressor_story_with_a_small/,53,2024-04-30T14:16:44+00:00,"The Swordwing Saga, a regressor story with a small twist, is out now!"
1cgt8qi,https://www.reddit.com/r/ProgressionFantasy/comments/1cgt8qi/alexa_thyme_book_2_on_ku_book_1_on_audible/,1,2024-04-30T13:46:17+00:00,Alexa Thyme Book 2 on KU! Book 1 on Audible!
1cgmjse,https://www.reddit.com/r/ProgressionFantasy/comments/1cgmjse/my_take_on_a_mages_college_story_is_live_on_ku/,1,2024-04-30T07:01:45+00:00,"My take on a mage's college story is live! on KU! Come for a unique magic system and spell development, stay for the alchemy, action, and business management!"
1cfus3a,https://www.reddit.com/r/ProgressionFantasy/comments/1cfus3a/new_novel/,1,2024-04-29T09:25:10+00:00,New Novel!
1ceufq3,https://www.reddit.com/r/ProgressionFantasy/comments/1ceufq3/i_need_a_little_help/,1,2024-04-28T01:21:01+00:00,İ need a little help
1cekhi5,https://www.reddit.com/r/ProgressionFantasy/comments/1cekhi5/humanitys_system_vs_ancient_alien_cultivators/,1,2024-04-27T17:52:53+00:00,Humanity's System Vs Ancient Alien Cultivators
1cduq7v,https://www.reddit.com/r/ProgressionFantasy/comments/1cduq7v/reborn_as_an_eagle_with_a_karma_system_is_now/,1,2024-04-26T19:50:44+00:00,Reborn as an Eagle with a Karma System is now live on both Amazon and KU
1cduq80,https://www.reddit.com/r/ProgressionFantasy/comments/1cduq80/reborn_as_an_eagle_with_a_karma_system_is_now/,1,2024-04-26T19:50:44+00:00,Reborn as an Eagle with a Karma System is now live on both Amazon and KU
1cdqugd,https://www.reddit.com/r/ProgressionFantasy/comments/1cdqugd/apocalypse_parenting_3_hide_and_seek_is_available/,1,2024-04-26T17:11:01+00:00,Apocalypse Parenting #3: Hide and Seek is available for pre-order on Audible!
1cdoip4,https://www.reddit.com/r/ProgressionFantasy/comments/1cdoip4/gene_harvest_book_one_of_the_crimson_hydra_series/,1,2024-04-26T15:37:10+00:00,"Gene Harvest, Book One of the Crimson Hydra series has passed 400 ratings on Amazon!"
1cdmlwj,https://www.reddit.com/r/ProgressionFantasy/comments/1cdmlwj/rogue_ascension_book_7_is_out_you_can_get_books_1/,1,2024-04-26T14:18:37+00:00,Rogue Ascension Book 7 is out! You can get Books 1 through 6 on sale for a limited time in the US and UK markets!
1cd4crs,https://www.reddit.com/r/ProgressionFantasy/comments/1cd4crs/1_in_the_litrpg_tag/,1,2024-04-25T22:14:35+00:00,#1 in the litRPG tag
1cczp8x,https://www.reddit.com/r/ProgressionFantasy/comments/1cczp8x/chapters_2_and_3_of_ascendant_echoes_are_now_on/,1,2024-04-25T19:09:18+00:00,"Chapters 2 and 3 of ""Ascendant Echoes"" are now on RR! Tear 'em apart!"
1ccpdq9,https://www.reddit.com/r/ProgressionFantasy/comments/1ccpdq9/i_made_a_litrpg_status_screen_maker_app_also_help/,1,2024-04-25T11:19:26+00:00,"I made a LitRPG Status Screen Maker App! Also, help me!"
1cbv2po,https://www.reddit.com/r/ProgressionFantasy/comments/1cbv2po/leveling_up_the_world_book_7_now_available_on/,1,2024-04-24T10:48:28+00:00,Leveling up the World (Book 7) - Now Available on Kindle!
1cbh1i4,https://www.reddit.com/r/ProgressionFantasy/comments/1cbh1i4/critrpg_podcast_the_interview_of_the_crijik_a/,1,2024-04-23T21:49:07+00:00,CritRPG Podcast - The Interview of the Crijik - A Talk with author ThinkTwice
1cbfzzq,https://www.reddit.com/r/ProgressionFantasy/comments/1cbfzzq/underkeeper_high_fantasy_progression_wip/,1,2024-04-23T21:08:02+00:00,Underkeeper - High Fantasy Progression WIP
1cb5xrw,https://www.reddit.com/r/ProgressionFantasy/comments/1cb5xrw/darling_of_fate_b1_is_out_a_battle_goose_time/,1,2024-04-23T14:23:25+00:00,"Darling of Fate B1 is out! A Battle Goose, Time Loops, and a Tower to Climb!"
1cb59qx,https://www.reddit.com/r/ProgressionFantasy/comments/1cb59qx/all_that_is_holy_is_out_today/,1,2024-04-23T13:55:30+00:00,All That is Holy is out TODAY
1cb4q45,https://www.reddit.com/r/ProgressionFantasy/comments/1cb4q45/my_debut_novel_all_that_is_holy_is_out_today/,1,2024-04-23T13:31:44+00:00,My debut novel All That is Holy is out today!
1cb38gn,https://www.reddit.com/r/ProgressionFantasy/comments/1cb38gn/book_2_ultimate_level_1_shattered_limits_just/,1,2024-04-23T12:22:54+00:00,Book 2 - Ultimate Level 1: Shattered Limits just dropped!
1ca7kp0,https://www.reddit.com/r/ProgressionFantasy/comments/1ca7kp0/the_elder_lands_a_kingdom_building_story_book_1/,1,2024-04-22T10:46:25+00:00,The Elder Lands - A Kingdom Building story Book 1 is Live!
1c9zr00,https://www.reddit.com/r/ProgressionFantasy/comments/1c9zr00/critrpg_podcast_p_w_tuckers_journey_through_hell/,1,2024-04-22T02:35:53+00:00,CritRPG Podcast - P. W. Tucker's Journey Through HELL
1c9nzm8,https://www.reddit.com/r/ProgressionFantasy/comments/1c9nzm8/200th_chapter_of_shadow_of_the_soul_king_posted/,1,2024-04-21T17:50:21+00:00,200th chapter of Shadow of the Soul King posted
1c8jger,https://www.reddit.com/r/ProgressionFantasy/comments/1c8jger/keeper_of_the_end/,1,2024-04-20T06:47:51+00:00,Keeper Of The End
1c8hw6f,https://www.reddit.com/r/ProgressionFantasy/comments/1c8hw6f/fire_at_will_scifi_thriller_royalroad/,1,2024-04-20T05:09:41+00:00,Fire At Will - [ Sci-Fi Thriller ] (RoyalRoad)
1c8ebr9,https://www.reddit.com/r/ProgressionFantasy/comments/1c8ebr9/i_just_finished_the_first_rough_draft_of_my_book/,1,2024-04-20T01:57:27+00:00,I just finished the first rough draft of my book.
1c81hvl,https://www.reddit.com/r/ProgressionFantasy/comments/1c81hvl/this_ones_for_you_rprogressionfantasy/,1,2024-04-19T16:40:39+00:00,This one's for you r/ProgressionFantasy
1c7d375,https://www.reddit.com/r/ProgressionFantasy/comments/1c7d375/blade_of_rebels_the_lost_sect_book_two_audiobook/,11,2024-04-18T20:04:52+00:00,"Blade of Rebels (The Lost Sect Book Two)- AUDIOBOOK GIVEAWAY! New Western Cultivation sequel out now on ebook, paperback and audiobook"
1c7cvoz,https://www.reddit.com/r/ProgressionFantasy/comments/1c7cvoz/my_take_on_the_litrpg_genre_lost_souls_and_a/,1,2024-04-18T19:57:24+00:00,My take on the LitRPG genre: Lost Souls and a Succubus. Updated regularly on Royal Road!
1c7b0on,https://www.reddit.com/r/ProgressionFantasy/comments/1c7b0on/the_pit_of_lost_sheep_a_chrsitian_documentary/,1,2024-04-18T18:43:02+00:00,THE PIT OF LOST SHEEP (A Chrsitian Documentary)
1c796uv,https://www.reddit.com/r/ProgressionFantasy/comments/1c796uv/the_first_2_books_in_my_guild_core_books_are_free/,1,2024-04-18T17:30:12+00:00,The first 2 books in my Guild Core books are FREE for the next few days!
1c779pw,https://www.reddit.com/r/ProgressionFantasy/comments/1c779pw/jakes_magical_market_3_home_sweet_home_is_now_out/,1,2024-04-18T16:12:15+00:00,Jake's Magical Market 3: Home Sweet Home is now out!
1c73rc2,https://www.reddit.com/r/ProgressionFantasy/comments/1c73rc2/my_site_for_posting_progression_fantasy_has_added/,1,2024-04-18T13:46:47+00:00,My site for posting progression fantasy has added the feature to submit and claim series!
1c73ou1,https://www.reddit.com/r/ProgressionFantasy/comments/1c73ou1/book_three_of_the_journals_of_evan_tailor_is_out/,1,2024-04-18T13:43:39+00:00,Book Three of The Journals of Evan Tailor is out NOW! I'm giving away 15 free copies to commenters!
1c72hvv,https://www.reddit.com/r/ProgressionFantasy/comments/1c72hvv/boiling_sea_book_two_of_my_isekai_dungeon_crawler/,1,2024-04-18T12:48:48+00:00,"Boiling Sea, book two of my isekai dungeon crawler series, “The Centennial Dungeon: Pygilist,” just published on Amazon!"
1c71z55,https://www.reddit.com/r/ProgressionFantasy/comments/1c71z55/hello_everyone_get_ready_for_an_adventure_like_no/,1,2024-04-18T12:22:18+00:00,"""Hello everyone! 🌟 Get ready for an adventure like no other with ""[SPECTRA SHIFT]"" by the talented author Geovane Magno."
1c6z4nc,https://www.reddit.com/r/ProgressionFantasy/comments/1c6z4nc/dao_of_the_butcher/,1,2024-04-18T09:32:53+00:00,Dao of the Butcher
1c6t2cp,https://www.reddit.com/r/ProgressionFantasy/comments/1c6t2cp/looking_for_beta_readers_for_an_in_progress/,1,2024-04-18T03:05:41+00:00,Looking for beta readers for an in progress progression fantasy novel
1c6evdh,https://www.reddit.com/r/ProgressionFantasy/comments/1c6evdh/rune_seeker_3_launches_today/,1,2024-04-17T16:51:38+00:00,Rune Seeker 3 Launches Today!
1c6d9la,https://www.reddit.com/r/ProgressionFantasy/comments/1c6d9la/a_xianxia_story_where_the_mc_is_thrust_into_an/,1,2024-04-17T15:48:24+00:00,A Xianxia story where the Mc is thrust into an otherwordly game and has to navigate his life in a way that creates good content!
1c6ac2a,https://www.reddit.com/r/ProgressionFantasy/comments/1c6ac2a/tower_of_somnus_4_shareholder_is_live/,1,2024-04-17T13:47:49+00:00,"Tower of Somnus 4, Shareholder, is live!"
1c6ac1l,https://www.reddit.com/r/ProgressionFantasy/comments/1c6ac1l/tower_of_somnus_4_shareholder_is_live/,1,2024-04-17T13:47:48+00:00,"Tower of Somnus 4, Shareholder, is live!"
1c69atg,https://www.reddit.com/r/ProgressionFantasy/comments/1c69atg/the_official_release_of_a_dragon_idols/,1,2024-04-17T13:03:36+00:00,The Official Release of A Dragon Idol’s Reincarnation Tale Book 3 on KU and Audible!
1c5ufbs,https://www.reddit.com/r/ProgressionFantasy/comments/1c5ufbs/my_first_story_the_temporary_magency_just_hit_the/,1,2024-04-16T23:13:16+00:00,"My first story, The Temporary Magency, just hit the main list for rising stars on Royal Road."
1c5u553,https://www.reddit.com/r/ProgressionFantasy/comments/1c5u553/recommendations/,1,2024-04-16T23:01:20+00:00,Recommendations
1c5rbxu,https://www.reddit.com/r/ProgressionFantasy/comments/1c5rbxu/a_dark_fantasy_progression_novel/,1,2024-04-16T21:05:27+00:00,A Dark Fantasy Progression Novel
1c5jm4g,https://www.reddit.com/r/ProgressionFantasy/comments/1c5jm4g/chapter_one_of_ascendant_echoes_is_now_on_rr/,1,2024-04-16T15:55:41+00:00,"Chapter One of ""Ascendant Echoes"" is now on RR!"
1c5e9t9,https://www.reddit.com/r/ProgressionFantasy/comments/1c5e9t9/my_new_series_keiran_just_launched_book_1_on/,1,2024-04-16T11:58:05+00:00,"My new series, Keiran, just launched book 1 on Amazon and Audible today!"
1c50u8a,https://www.reddit.com/r/ProgressionFantasy/comments/1c50u8a/how_to_survive_at_the_end_of_the_world_ku_book/,1,2024-04-15T23:20:03+00:00,How to Survive at the End of the World - KU book launch and free book promo (4/16-4/18)
1c4w5fn,https://www.reddit.com/r/ProgressionFantasy/comments/1c4w5fn/book_2_of_slay_hero_just_started_on_royalroad/,2,2024-04-15T20:09:31+00:00,"Book 2 of [Slay Hero] just started on RoyalRoad, action packed Litrpg, 92+ chapters"
1c43axj,https://www.reddit.com/r/ProgressionFantasy/comments/1c43axj/mark_of_the_crijik_book_1_is_now_on_amazon_woo/,1,2024-04-14T20:26:47+00:00,Mark of the Crijik Book 1 IS NOW ON AMAZON WOO! Wait... What?
1c39lhj,https://www.reddit.com/r/ProgressionFantasy/comments/1c39lhj/roots_of_destiny_seed_of_chaos/,1,2024-04-13T19:12:36+00:00,Roots of Destiny: Seed of Chaos
1c399ak,https://www.reddit.com/r/ProgressionFantasy/comments/1c399ak/roots_of_chaos/,1,2024-04-13T18:58:29+00:00,Roots of Chaos
1c2x5ux,https://www.reddit.com/r/ProgressionFantasy/comments/1c2x5ux/the_6th_volume_of_immovable_mage_is_now_finished/,1,2024-04-13T08:29:53+00:00,The 6th volume of Immovable Mage is now finished on Royal Road
1c2c6z0,https://www.reddit.com/r/ProgressionFantasy/comments/1c2c6z0/father_of_eternity_a_high_magic_novel_with/,15,2024-04-12T15:34:31+00:00,"Father of Eternity, A High Magic Novel With Cultivation Influences + Formation Magic + Business"
1c1vhi6,https://www.reddit.com/r/ProgressionFantasy/comments/1c1vhi6/roots_of_destiny_seed_of_chaos/,1,2024-04-12T00:39:30+00:00,Roots of Destiny: Seed of Chaos
1c1pj9x,https://www.reddit.com/r/ProgressionFantasy/comments/1c1pj9x/first_necromancer_is_now_available_on_kindle_and/,1,2024-04-11T20:35:31+00:00,First Necromancer is now available on Kindle and Audible!
1c1gjdl,https://www.reddit.com/r/ProgressionFantasy/comments/1c1gjdl/ive_always_loved_op_mcs_that_do_whatever_they/,1,2024-04-11T14:30:56+00:00,I’ve always loved OP MCs that do whatever they want. So I wrote something!
1c1cn2p,https://www.reddit.com/r/ProgressionFantasy/comments/1c1cn2p/chains_of_an_empire_a_scifi_litrpg/,1,2024-04-11T11:25:42+00:00,Chains of an Empire - A SciFi LitRPG
1c12ypv,https://www.reddit.com/r/ProgressionFantasy/comments/1c12ypv/heir_of_black_throne/,1,2024-04-11T01:45:32+00:00,HEIR OF BLACK THRONE
1c07j75,https://www.reddit.com/r/ProgressionFantasy/comments/1c07j75/seize_the_day_empress_book_1_now_out_on_amazon/,1,2024-04-10T00:04:05+00:00,Seize the Day: Empress Book 1 now out on Amazon Kindle and Audible.
1c02pt5,https://www.reddit.com/r/ProgressionFantasy/comments/1c02pt5/giveaway_first_necromancer_is_now_available_on/,1,2024-04-09T20:44:52+00:00,**Giveaway!** First Necromancer is now available on Kindle &amp; Audible
1c02kv2,https://www.reddit.com/r/ProgressionFantasy/comments/1c02kv2/first_necromancer_is_now_available_on_kindle_and/,1,2024-04-09T20:39:14+00:00,First Necromancer is now Available on Kindle and Audible!
1bzrtb9,https://www.reddit.com/r/ProgressionFantasy/comments/1bzrtb9/ever_wanted_to_read_an_urban_fantasy_where_people/,1,2024-04-09T13:11:31+00:00,"Ever wanted to read an urban fantasy where people cultivate in an extremely unique manner, that's not copulation?"
1bzrply,https://www.reddit.com/r/ProgressionFantasy/comments/1bzrply/mod_superhero_book_1_audiobook_release_and_origin/,1,2024-04-09T13:06:35+00:00,Mod Superhero book 1 Audiobook Release and Origin Sale!
1bzrmpk,https://www.reddit.com/r/ProgressionFantasy/comments/1bzrmpk/modern_patriarch_a_xianxia_progression_fantasy_is/,1,2024-04-09T13:02:48+00:00,Modern Patriarch: A Xianxia Progression Fantasy is now on Kindle and Audible!
1bzrhff,https://www.reddit.com/r/ProgressionFantasy/comments/1bzrhff/dawn_of_the_last_dragon_rider_is_live/,1,2024-04-09T12:56:08+00:00,Dawn of the Last Dragon Rider is live!
1bzqqz6,https://www.reddit.com/r/ProgressionFantasy/comments/1bzqqz6/hey_guys_im_here_to_advertise_my_novel_a_bit/,1,2024-04-09T12:19:39+00:00,"Hey guys, I'm here to advertise my novel a bit"
1bzn5g6,https://www.reddit.com/r/ProgressionFantasy/comments/1bzn5g6/nonhuman_mc_a_cultivating_lizard_evolving_into_a/,1,2024-04-09T08:37:28+00:00,"Nonhuman MC, a cultivating Lizard evolving into a dragon"
1bzcbh9,https://www.reddit.com/r/ProgressionFantasy/comments/1bzcbh9/why_does_ai_shit_the_bed_when_it_comes_to_text_in/,1,2024-04-08T22:59:13+00:00,Why does AI shit the bed when it comes to text in images?
1bzaf94,https://www.reddit.com/r/ProgressionFantasy/comments/1bzaf94/my_book_on_wattpad_ranked_1_in_the_leveling_tag/,1,2024-04-08T21:43:52+00:00,My book on Wattpad ranked #1 in the Leveling tag
1by88q8,https://www.reddit.com/r/ProgressionFantasy/comments/1by88q8/check_out_my_cover_animation_and_come_vote_less/,1,2024-04-07T16:14:43+00:00,Check Out My Cover Animation and Come Vote! (Less than 30s - Link in Comment/Description)
1bxohy7,https://www.reddit.com/r/ProgressionFantasy/comments/1bxohy7/honest_reviewscritiques/,1,2024-04-06T22:43:34+00:00,Honest reviews/critiques
1bxjqys,https://www.reddit.com/r/ProgressionFantasy/comments/1bxjqys/soulcrafting_202_the_five_transcendent_monuments/,1,2024-04-06T19:20:31+00:00,Soulcrafting 202: The Five Transcendent Monuments
1bws1l2,https://www.reddit.com/r/ProgressionFantasy/comments/1bws1l2/selfpromotion_ashlanis_reincarnation_a_litrpg/,1,2024-04-05T20:22:43+00:00,Self-promotion || Ashlani's Reincarnation [A LitRPG Adventure]
1bw0hd7,https://www.reddit.com/r/ProgressionFantasy/comments/1bw0hd7/terraquest_the_reclamation_chronicles/,1,2024-04-04T22:05:28+00:00,TerraQuest: The Reclamation Chronicles
1bvwrg4,https://www.reddit.com/r/ProgressionFantasy/comments/1bvwrg4/the_alchemist_is_live_on_kindle/,19,2024-04-04T19:45:55+00:00,The Alchemist is live on Kindle!
1bvhrmo,https://www.reddit.com/r/ProgressionFantasy/comments/1bvhrmo/book_3_of_my_superhero_cultivation_story_wish/,1,2024-04-04T08:11:47+00:00,"Book 3 of my superhero cultivation story, Wish Upon the Stars, is out now on Audible!"
1buxdzv,https://www.reddit.com/r/ProgressionFantasy/comments/1buxdzv/dungeon_crawler_carl_meets_the_rising_of_the/,1,2024-04-03T16:43:15+00:00,Dungeon Crawler Carl meets The Rising of the Shield Hero in NULL &amp; The Void.
1buwo6o,https://www.reddit.com/r/ProgressionFantasy/comments/1buwo6o/arcane_ascension_4_the_silence_of_unworthy_gods/,1,2024-04-03T16:15:31+00:00,"Arcane Ascension 4, The Silence of Unworthy Gods, is On Sale on Audible"
1buwl10,https://www.reddit.com/r/ProgressionFantasy/comments/1buwl10/villain_town_3_maelstrom_is_out_now/,1,2024-04-03T16:12:05+00:00,Villain Town #3: Maelstrom is out now!
1butbjf,https://www.reddit.com/r/ProgressionFantasy/comments/1butbjf/a_brewtiful_life_beers_beards_2_a_cozy_fantasy/,1,2024-04-03T13:59:49+00:00,"A Brewtiful Life, Beers &amp; Beards 2 (A Cozy Fantasy) Just Released!"
1but9d8,https://www.reddit.com/r/ProgressionFantasy/comments/1but9d8/a_brewtiful_life_beers_beards_2_a_cozy_fantasy/,1,2024-04-03T13:57:06+00:00,"A Brewtiful Life, Beers &amp; Beards 2 (A Cozy Fantasy) Just Released!"
1btzu83,https://www.reddit.com/r/ProgressionFantasy/comments/1btzu83/new_release_spectral_persona_5_meets_blue_exorcist/,1,2024-04-02T14:15:46+00:00,New Release: Spectral (Persona 5 meets Blue Exorcist)
1btzhpa,https://www.reddit.com/r/ProgressionFantasy/comments/1btzhpa/robot_mc_xianxia_cog_cultivator/,12,2024-04-02T14:01:12+00:00,Robot MC Xianxia (Cog Cultivator)
1btzcwg,https://www.reddit.com/r/ProgressionFantasy/comments/1btzcwg/transcending_dreams_2_is_live_on_kindle_unlimited/,1,2024-04-02T13:55:44+00:00,Transcending Dreams 2 is live on Kindle Unlimited!
1btxwy1,https://www.reddit.com/r/ProgressionFantasy/comments/1btxwy1/soul_caller_new_epic_pf_adventure/,1,2024-04-02T12:50:05+00:00,Soul Caller ~ New Epic PF Adventure
1btwo5i,https://www.reddit.com/r/ProgressionFantasy/comments/1btwo5i/what_are_the_biggest_influences_on_your_series_no/,1,2024-04-02T11:46:47+00:00,"""What are the biggest influences on your series?"" - No one."
1bti3ts,https://www.reddit.com/r/ProgressionFantasy/comments/1bti3ts/worship_to_the_gods_to_level_up_i_would_rather/,8,2024-04-01T22:38:12+00:00,Worship to the Gods to Level up? I would rather become a Fallen Apostle! Recent addition to Rising Stars on RoyalRoad! Details blow. Join Leonidas on his journey to the top :)! Art commissioned from JackNguyenArt
1bti2ab,https://www.reddit.com/r/ProgressionFantasy/comments/1bti2ab/worship_to_the_gods_to_level_up_i_would_rather/,1,2024-04-01T22:36:23+00:00,Worship to the Gods to Level up? I would rather become a Fallen Apostle! Recent addition to Rising Stars on RoyalRoad! Details blow. Join Leonidas on his journey to the top :)! Art commissioned from JackNguyanArt
1bt5r8f,https://www.reddit.com/r/ProgressionFantasy/comments/1bt5r8f/the_methods_of_necromancy_a_scientific_guide_to_a/,1,2024-04-01T14:52:04+00:00,The Methods of Necromancy - A scientific guide to a litRPG isekai
1bt364o,https://www.reddit.com/r/ProgressionFantasy/comments/1bt364o/new_monthly_book_release_announcement_thread/,1,2024-04-01T13:03:10+00:00,New Monthly Book Release Announcement Thread
1bt2i0l,https://www.reddit.com/r/ProgressionFantasy/comments/1bt2i0l/the_aether_god_ritchiecharlesfiction/,1,2024-04-01T12:31:51+00:00,The Aether God - RitchieCharlesFiction
1bt14pm,https://www.reddit.com/r/ProgressionFantasy/comments/1bt14pm/space_dragons_in_battle_mechs_released_on_kindle/,1,2024-04-01T11:22:51+00:00,Space Dragons in Battle Mechs released on Kindle Unlimited
